snapshot_date,asset_manager,fund_id,fund_name,fund_strategy,fund_aum,security_id,security_name,asset_type,sector,country,issuer_entity_id,group_id,shares_held,price,market_value,weight_pct
2025-10-31,Fenchurch Global Asset Management,FGAM-FIN,Fenchurch Financials Sector Fund,Financials Sector,608687545.29,BARC.L,Barclays PLC,equity,Financials,UK,BARCLAYS_PLC,BARCLAYS_PLC,226899,196.72,44635571.28,7.3331
2025-11-30,Fenchurch Global Asset Management,FGAM-FIN,Fenchurch Financials Sector Fund,Financials Sector,615384753.25,BARC.L,Barclays PLC,equity,Financials,UK,BARCLAYS_PLC,BARCLAYS_PLC,225759,204.16,46090957.44,7.4898
2025-12-31,Fenchurch Global Asset Management,FGAM-FIN,Fenchurch Financials Sector Fund,Financials Sector,614414298.98,BARC.L,Barclays PLC,equity,Financials,UK,BARCLAYS_PLC,BARCLAYS_PLC,226217,220.53,49887635.01,8.1195
2026-01-31,Fenchurch Global Asset Management,FGAM-FIN,Fenchurch Financials Sector Fund,Financials Sector,618084287.37,BARC.L,Barclays PLC,equity,Financials,UK,BARCLAYS_PLC,BARCLAYS_PLC,223295,219.18,48941798.1,7.9183
2026-02-28,Fenchurch Global Asset Management,FGAM-FIN,Fenchurch Financials Sector Fund,Financials Sector,624452876.29,BARC.L,Barclays PLC,equity,Financials,UK,BARCLAYS_PLC,BARCLAYS_PLC,226779,218.49,49548943.71,7.9348
2026-03-31,Fenchurch Global Asset Management,FGAM-FIN,Fenchurch Financials Sector Fund,Financials Sector,634703768.22,BARC.L,Barclays PLC,equity,Financials,UK,BARCLAYS_PLC,BARCLAYS_PLC,224429,225.87,50691778.23,7.9867
2026-04-30,Fenchurch Global Asset Management,FGAM-FIN,Fenchurch Financials Sector Fund,Financials Sector,629896421.29,BARC.L,Barclays PLC,equity,Financials,UK,BARCLAYS_PLC,BARCLAYS_PLC,223512,186.63,41714044.56,6.6224
2026-05-31,Fenchurch Global Asset Management,FGAM-FIN,Fenchurch Financials Sector Fund,Financials Sector,628212324.72,BARC.L,Barclays PLC,equity,Financials,UK,BARCLAYS_PLC,BARCLAYS_PLC,232897,165.8,38614322.6,6.1467
2026-06-30,Fenchurch Global Asset Management,FGAM-FIN,Fenchurch Financials Sector Fund,Financials Sector,616956400.61,BARC.L,Barclays PLC,equity,Financials,UK,BARCLAYS_PLC,BARCLAYS_PLC,230721,170.43,39321780.03,6.3735
2026-07-31,Fenchurch Global Asset Management,FGAM-FIN,Fenchurch Financials Sector Fund,Financials Sector,624937281.33,BARC.L,Barclays PLC,equity,Financials,UK,BARCLAYS_PLC,BARCLAYS_PLC,225138,174.31,39243804.78,6.2796
2026-08-31,Fenchurch Global Asset Management,FGAM-FIN,Fenchurch Financials Sector Fund,Financials Sector,609869596.66,BARC.L,Barclays PLC,equity,Financials,UK,BARCLAYS_PLC,BARCLAYS_PLC,217489,143.96,31309716.44,5.1338
2026-09-30,Fenchurch Global Asset Management,FGAM-FIN,Fenchurch Financials Sector Fund,Financials Sector,601432983.03,BARC.L,Barclays PLC,equity,Financials,UK,BARCLAYS_PLC,BARCLAYS_PLC,211958,144.43,30613093.94,5.09
2025-10-31,Fenchurch Global Asset Management,FGAM-FIN,Fenchurch Financials Sector Fund,Financials Sector,608687545.29,HSBA.L,HSBC Holdings PLC,equity,Financials,UK,HSBC_HOLDINGS,HSBC_HOLDINGS,68722,685.44,47104807.68,7.7388
2025-11-30,Fenchurch Global Asset Management,FGAM-FIN,Fenchurch Financials Sector Fund,Financials Sector,615384753.25,HSBA.L,HSBC Holdings PLC,equity,Financials,UK,HSBC_HOLDINGS,HSBC_HOLDINGS,69620,727.93,50678486.6,8.2353
2025-12-31,Fenchurch Global Asset Management,FGAM-FIN,Fenchurch Financials Sector Fund,Financials Sector,614414298.98,HSBA.L,HSBC Holdings PLC,equity,Financials,UK,HSBC_HOLDINGS,HSBC_HOLDINGS,70109,712.8,49973695.2,8.1336
2026-01-31,Fenchurch Global Asset Management,FGAM-FIN,Fenchurch Financials Sector Fund,Financials Sector,618084287.37,HSBA.L,HSBC Holdings PLC,equity,Financials,UK,HSBC_HOLDINGS,HSBC_HOLDINGS,71313,728.3,51937257.9,8.4029
2026-02-28,Fenchurch Global Asset Management,FGAM-FIN,Fenchurch Financials Sector Fund,Financials Sector,624452876.29,HSBA.L,HSBC Holdings PLC,equity,Financials,UK,HSBC_HOLDINGS,HSBC_HOLDINGS,74132,679.91,50403088.12,8.0716
2026-03-31,Fenchurch Global Asset Management,FGAM-FIN,Fenchurch Financials Sector Fund,Financials Sector,634703768.22,HSBA.L,HSBC Holdings PLC,equity,Financials,UK,HSBC_HOLDINGS,HSBC_HOLDINGS,72875,698.3,50888612.5,8.0177
2026-04-30,Fenchurch Global Asset Management,FGAM-FIN,Fenchurch Financials Sector Fund,Financials Sector,629896421.29,HSBA.L,HSBC Holdings PLC,equity,Financials,UK,HSBC_HOLDINGS,HSBC_HOLDINGS,71791,717.84,51534451.44,8.1814
2026-05-31,Fenchurch Global Asset Management,FGAM-FIN,Fenchurch Financials Sector Fund,Financials Sector,628212324.72,HSBA.L,HSBC Holdings PLC,equity,Financials,UK,HSBC_HOLDINGS,HSBC_HOLDINGS,71924,774.17,55681403.08,8.8635
2026-06-30,Fenchurch Global Asset Management,FGAM-FIN,Fenchurch Financials Sector Fund,Financials Sector,616956400.61,HSBA.L,HSBC Holdings PLC,equity,Financials,UK,HSBC_HOLDINGS,HSBC_HOLDINGS,72343,772.22,55864711.46,9.0549
2026-07-31,Fenchurch Global Asset Management,FGAM-FIN,Fenchurch Financials Sector Fund,Financials Sector,624937281.33,HSBA.L,HSBC Holdings PLC,equity,Financials,UK,HSBC_HOLDINGS,HSBC_HOLDINGS,73779,853.69,62984394.51,10.0785
2026-08-31,Fenchurch Global Asset Management,FGAM-FIN,Fenchurch Financials Sector Fund,Financials Sector,609869596.66,HSBA.L,HSBC Holdings PLC,equity,Financials,UK,HSBC_HOLDINGS,HSBC_HOLDINGS,71772,864.71,62061966.12,10.1763
2026-09-30,Fenchurch Global Asset Management,FGAM-FIN,Fenchurch Financials Sector Fund,Financials Sector,601432983.03,HSBA.L,HSBC Holdings PLC,equity,Financials,UK,HSBC_HOLDINGS,HSBC_HOLDINGS,70473,831.78,58618031.94,9.7464
2025-10-31,Fenchurch Global Asset Management,FGAM-FIN,Fenchurch Financials Sector Fund,Financials Sector,608687545.29,JPM,JPMorgan Chase & Co,equity,Financials,US,,JPM,215667,211.65,45645920.55,7.4991
2025-11-30,Fenchurch Global Asset Management,FGAM-FIN,Fenchurch Financials Sector Fund,Financials Sector,615384753.25,JPM,JPMorgan Chase & Co,equity,Financials,US,,JPM,214213,210.08,45001867.04,7.3128
2025-12-31,Fenchurch Global Asset Management,FGAM-FIN,Fenchurch Financials Sector Fund,Financials Sector,614414298.98,JPM,JPMorgan Chase & Co,equity,Financials,US,,JPM,214468,192.72,41332272.96,6.7271
2026-01-31,Fenchurch Global Asset Management,FGAM-FIN,Fenchurch Financials Sector Fund,Financials Sector,618084287.37,JPM,JPMorgan Chase & Co,equity,Financials,US,,JPM,215059,181.44,39020304.96,6.3131
2026-02-28,Fenchurch Global Asset Management,FGAM-FIN,Fenchurch Financials Sector Fund,Financials Sector,624452876.29,JPM,JPMorgan Chase & Co,equity,Financials,US,,JPM,213840,162.37,34721200.8,5.5603
2026-03-31,Fenchurch Global Asset Management,FGAM-FIN,Fenchurch Financials Sector Fund,Financials Sector,634703768.22,JPM,JPMorgan Chase & Co,equity,Financials,US,,JPM,210753,160.02,33724695.06,5.3135
2026-04-30,Fenchurch Global Asset Management,FGAM-FIN,Fenchurch Financials Sector Fund,Financials Sector,629896421.29,JPM,JPMorgan Chase & Co,equity,Financials,US,,JPM,212950,174.52,37164034.0,5.9
2026-05-31,Fenchurch Global Asset Management,FGAM-FIN,Fenchurch Financials Sector Fund,Financials Sector,628212324.72,JPM,JPMorgan Chase & Co,equity,Financials,US,,JPM,215889,187.83,40550430.87,6.4549
2026-06-30,Fenchurch Global Asset Management,FGAM-FIN,Fenchurch Financials Sector Fund,Financials Sector,616956400.61,JPM,JPMorgan Chase & Co,equity,Financials,US,,JPM,216817,185.65,40252076.05,6.5243
2026-07-31,Fenchurch Global Asset Management,FGAM-FIN,Fenchurch Financials Sector Fund,Financials Sector,624937281.33,JPM,JPMorgan Chase & Co,equity,Financials,US,,JPM,213907,184.45,39455146.15,6.3135
2026-08-31,Fenchurch Global Asset Management,FGAM-FIN,Fenchurch Financials Sector Fund,Financials Sector,609869596.66,JPM,JPMorgan Chase & Co,equity,Financials,US,,JPM,211042,175.52,37042091.84,6.0738
2026-09-30,Fenchurch Global Asset Management,FGAM-FIN,Fenchurch Financials Sector Fund,Financials Sector,601432983.03,JPM,JPMorgan Chase & Co,equity,Financials,US,,JPM,205840,168.69,34723149.6,5.7734
2025-10-31,Fenchurch Global Asset Management,FGAM-FIN,Fenchurch Financials Sector Fund,Financials Sector,608687545.29,GS,Goldman Sachs Group Inc,equity,Financials,US,,GS,96120,462.01,44408401.2,7.2958
2025-11-30,Fenchurch Global Asset Management,FGAM-FIN,Fenchurch Financials Sector Fund,Financials Sector,615384753.25,GS,Goldman Sachs Group Inc,equity,Financials,US,,GS,96383,526.91,50785166.53,8.2526
2025-12-31,Fenchurch Global Asset Management,FGAM-FIN,Fenchurch Financials Sector Fund,Financials Sector,614414298.98,GS,Goldman Sachs Group Inc,equity,Financials,US,,GS,97551,466.07,45465594.57,7.3998
2026-01-31,Fenchurch Global Asset Management,FGAM-FIN,Fenchurch Financials Sector Fund,Financials Sector,618084287.37,GS,Goldman Sachs Group Inc,equity,Financials,US,,GS,99630,451.9,45022797.0,7.2842
2026-02-28,Fenchurch Global Asset Management,FGAM-FIN,Fenchurch Financials Sector Fund,Financials Sector,624452876.29,GS,Goldman Sachs Group Inc,equity,Financials,US,,GS,101285,534.69,54156076.65,8.6726
2026-03-31,Fenchurch Global Asset Management,FGAM-FIN,Fenchurch Financials Sector Fund,Financials Sector,634703768.22,GS,Goldman Sachs Group Inc,equity,Financials,US,,GS,103381,542.9,56125544.9,8.8428
2026-04-30,Fenchurch Global Asset Management,FGAM-FIN,Fenchurch Financials Sector Fund,Financials Sector,629896421.29,GS,Goldman Sachs Group Inc,equity,Financials,US,,GS,103184,555.67,57336253.28,9.1025
2026-05-31,Fenchurch Global Asset Management,FGAM-FIN,Fenchurch Financials Sector Fund,Financials Sector,628212324.72,GS,Goldman Sachs Group Inc,equity,Financials,US,,GS,101701,498.31,50678625.31,8.0671
2026-06-30,Fenchurch Global Asset Management,FGAM-FIN,Fenchurch Financials Sector Fund,Financials Sector,616956400.61,GS,Goldman Sachs Group Inc,equity,Financials,US,,GS,99177,506.19,50202405.63,8.1371
2026-07-31,Fenchurch Global Asset Management,FGAM-FIN,Fenchurch Financials Sector Fund,Financials Sector,624937281.33,GS,Goldman Sachs Group Inc,equity,Financials,US,,GS,102032,484.08,49391650.56,7.9035
2026-08-31,Fenchurch Global Asset Management,FGAM-FIN,Fenchurch Financials Sector Fund,Financials Sector,609869596.66,GS,Goldman Sachs Group Inc,equity,Financials,US,,GS,101819,449.45,45762549.55,7.5037
2026-09-30,Fenchurch Global Asset Management,FGAM-FIN,Fenchurch Financials Sector Fund,Financials Sector,601432983.03,GS,Goldman Sachs Group Inc,equity,Financials,US,,GS,99808,398.31,39754524.48,6.61
2025-10-31,Fenchurch Global Asset Management,FGAM-FIN,Fenchurch Financials Sector Fund,Financials Sector,608687545.29,BARC-BOND-1,Barclays Bank PLC 4.75% 2030,bond,Financials,UK,BARCLAYS_BANK_PLC,BARCLAYS_PLC,449582,98.97,44495130.54,7.31
2025-11-30,Fenchurch Global Asset Management,FGAM-FIN,Fenchurch Financials Sector Fund,Financials Sector,615384753.25,BARC-BOND-1,Barclays Bank PLC 4.75% 2030,bond,Financials,UK,BARCLAYS_BANK_PLC,BARCLAYS_PLC,443820,101.15,44892393.0,7.295
2025-12-31,Fenchurch Global Asset Management,FGAM-FIN,Fenchurch Financials Sector Fund,Financials Sector,614414298.98,BARC-BOND-1,Barclays Bank PLC 4.75% 2030,bond,Financials,UK,BARCLAYS_BANK_PLC,BARCLAYS_PLC,446657,101.86,45496482.02,7.4049
2026-01-31,Fenchurch Global Asset Management,FGAM-FIN,Fenchurch Financials Sector Fund,Financials Sector,618084287.37,BARC-BOND-1,Barclays Bank PLC 4.75% 2030,bond,Financials,UK,BARCLAYS_BANK_PLC,BARCLAYS_PLC,452119,102.69,46428100.11,7.5116
2026-02-28,Fenchurch Global Asset Management,FGAM-FIN,Fenchurch Financials Sector Fund,Financials Sector,624452876.29,BARC-BOND-1,Barclays Bank PLC 4.75% 2030,bond,Financials,UK,BARCLAYS_BANK_PLC,BARCLAYS_PLC,456348,103.68,47314160.64,7.5769
2026-03-31,Fenchurch Global Asset Management,FGAM-FIN,Fenchurch Financials Sector Fund,Financials Sector,634703768.22,BARC-BOND-1,Barclays Bank PLC 4.75% 2030,bond,Financials,UK,BARCLAYS_BANK_PLC,BARCLAYS_PLC,450700,101.3,45655910.0,7.1933
2026-04-30,Fenchurch Global Asset Management,FGAM-FIN,Fenchurch Financials Sector Fund,Financials Sector,629896421.29,BARC-BOND-1,Barclays Bank PLC 4.75% 2030,bond,Financials,UK,BARCLAYS_BANK_PLC,BARCLAYS_PLC,458515,101.45,46516346.75,7.3848
2026-05-31,Fenchurch Global Asset Management,FGAM-FIN,Fenchurch Financials Sector Fund,Financials Sector,628212324.72,BARC-BOND-1,Barclays Bank PLC 4.75% 2030,bond,Financials,UK,BARCLAYS_BANK_PLC,BARCLAYS_PLC,463448,102.43,47470978.64,7.5565
2026-06-30,Fenchurch Global Asset Management,FGAM-FIN,Fenchurch Financials Sector Fund,Financials Sector,616956400.61,BARC-BOND-1,Barclays Bank PLC 4.75% 2030,bond,Financials,UK,BARCLAYS_BANK_PLC,BARCLAYS_PLC,465438,102.38,47651542.44,7.7236
2026-07-31,Fenchurch Global Asset Management,FGAM-FIN,Fenchurch Financials Sector Fund,Financials Sector,624937281.33,BARC-BOND-1,Barclays Bank PLC 4.75% 2030,bond,Financials,UK,BARCLAYS_BANK_PLC,BARCLAYS_PLC,476072,103.48,49263930.56,7.883
2026-08-31,Fenchurch Global Asset Management,FGAM-FIN,Fenchurch Financials Sector Fund,Financials Sector,609869596.66,BARC-BOND-1,Barclays Bank PLC 4.75% 2030,bond,Financials,UK,BARCLAYS_BANK_PLC,BARCLAYS_PLC,472508,103.61,48956553.88,8.0274
2026-09-30,Fenchurch Global Asset Management,FGAM-FIN,Fenchurch Financials Sector Fund,Financials Sector,601432983.03,BARC-BOND-1,Barclays Bank PLC 4.75% 2030,bond,Financials,UK,BARCLAYS_BANK_PLC,BARCLAYS_PLC,467826,104.07,48686651.82,8.0951
2025-10-31,Fenchurch Global Asset Management,FGAM-FIN,Fenchurch Financials Sector Fund,Financials Sector,608687545.29,HSBC-BOND-1,HSBC Bank PLC 4.9% 2031,bond,Financials,UK,HSBC_BANK_PLC,HSBC_HOLDINGS,458912,101.46,46561211.52,7.6494
2025-11-30,Fenchurch Global Asset Management,FGAM-FIN,Fenchurch Financials Sector Fund,Financials Sector,615384753.25,HSBC-BOND-1,HSBC Bank PLC 4.9% 2031,bond,Financials,UK,HSBC_BANK_PLC,HSBC_HOLDINGS,453028,102.55,46458021.4,7.5494
2025-12-31,Fenchurch Global Asset Management,FGAM-FIN,Fenchurch Financials Sector Fund,Financials Sector,614414298.98,HSBC-BOND-1,HSBC Bank PLC 4.9% 2031,bond,Financials,UK,HSBC_BANK_PLC,HSBC_HOLDINGS,440345,100.47,44241462.15,7.2006
2026-01-31,Fenchurch Global Asset Management,FGAM-FIN,Fenchurch Financials Sector Fund,Financials Sector,618084287.37,HSBC-BOND-1,HSBC Bank PLC 4.9% 2031,bond,Financials,UK,HSBC_BANK_PLC,HSBC_HOLDINGS,443735,99.98,44364625.3,7.1778
2026-02-28,Fenchurch Global Asset Management,FGAM-FIN,Fenchurch Financials Sector Fund,Financials Sector,624452876.29,HSBC-BOND-1,HSBC Bank PLC 4.9% 2031,bond,Financials,UK,HSBC_BANK_PLC,HSBC_HOLDINGS,443574,100.14,44419500.36,7.1133
2026-03-31,Fenchurch Global Asset Management,FGAM-FIN,Fenchurch Financials Sector Fund,Financials Sector,634703768.22,HSBC-BOND-1,HSBC Bank PLC 4.9% 2031,bond,Financials,UK,HSBC_BANK_PLC,HSBC_HOLDINGS,446351,99.59,44452096.09,7.0036
2026-04-30,Fenchurch Global Asset Management,FGAM-FIN,Fenchurch Financials Sector Fund,Financials Sector,629896421.29,HSBC-BOND-1,HSBC Bank PLC 4.9% 2031,bond,Financials,UK,HSBC_BANK_PLC,HSBC_HOLDINGS,445440,98.1,43697664.0,6.9373
2026-05-31,Fenchurch Global Asset Management,FGAM-FIN,Fenchurch Financials Sector Fund,Financials Sector,628212324.72,HSBC-BOND-1,HSBC Bank PLC 4.9% 2031,bond,Financials,UK,HSBC_BANK_PLC,HSBC_HOLDINGS,448263,98.1,43974600.3,7.0
2026-06-30,Fenchurch Global Asset Management,FGAM-FIN,Fenchurch Financials Sector Fund,Financials Sector,616956400.61,HSBC-BOND-1,HSBC Bank PLC 4.9% 2031,bond,Financials,UK,HSBC_BANK_PLC,HSBC_HOLDINGS,445901,99.36,44304723.36,7.1812
2026-07-31,Fenchurch Global Asset Management,FGAM-FIN,Fenchurch Financials Sector Fund,Financials Sector,624937281.33,HSBC-BOND-1,HSBC Bank PLC 4.9% 2031,bond,Financials,UK,HSBC_BANK_PLC,HSBC_HOLDINGS,451776,100.35,45335721.6,7.2544
2026-08-31,Fenchurch Global Asset Management,FGAM-FIN,Fenchurch Financials Sector Fund,Financials Sector,609869596.66,HSBC-BOND-1,HSBC Bank PLC 4.9% 2031,bond,Financials,UK,HSBC_BANK_PLC,HSBC_HOLDINGS,455843,98.46,44882301.78,7.3593
2026-09-30,Fenchurch Global Asset Management,FGAM-FIN,Fenchurch Financials Sector Fund,Financials Sector,601432983.03,HSBC-BOND-1,HSBC Bank PLC 4.9% 2031,bond,Financials,UK,HSBC_BANK_PLC,HSBC_HOLDINGS,458332,99.86,45769033.52,7.61
2025-10-31,Fenchurch Global Asset Management,FGAM-FIN,Fenchurch Financials Sector Fund,Financials Sector,608687545.29,LLOY.L,Lloyds Banking Group PLC,equity,Financials,UK,,LLOY.L,458255,48.48,22216202.4,3.6499
2025-11-30,Fenchurch Global Asset Management,FGAM-FIN,Fenchurch Financials Sector Fund,Financials Sector,615384753.25,LLOY.L,Lloyds Banking Group PLC,equity,Financials,UK,,LLOY.L,462188,51.01,23576209.88,3.8311
2025-12-31,Fenchurch Global Asset Management,FGAM-FIN,Fenchurch Financials Sector Fund,Financials Sector,614414298.98,LLOY.L,Lloyds Banking Group PLC,equity,Financials,UK,,LLOY.L,459322,52.59,24155743.98,3.9315
2026-01-31,Fenchurch Global Asset Management,FGAM-FIN,Fenchurch Financials Sector Fund,Financials Sector,618084287.37,LLOY.L,Lloyds Banking Group PLC,equity,Financials,UK,,LLOY.L,473706,56.1,26574906.6,4.2996
2026-02-28,Fenchurch Global Asset Management,FGAM-FIN,Fenchurch Financials Sector Fund,Financials Sector,624452876.29,LLOY.L,Lloyds Banking Group PLC,equity,Financials,UK,,LLOY.L,469874,53.81,25283919.94,4.049
2026-03-31,Fenchurch Global Asset Management,FGAM-FIN,Fenchurch Financials Sector Fund,Financials Sector,634703768.22,LLOY.L,Lloyds Banking Group PLC,equity,Financials,UK,,LLOY.L,480388,53.57,25734385.16,4.0546
2026-04-30,Fenchurch Global Asset Management,FGAM-FIN,Fenchurch Financials Sector Fund,Financials Sector,629896421.29,LLOY.L,Lloyds Banking Group PLC,equity,Financials,UK,,LLOY.L,482228,55.42,26725075.76,4.2428
2026-05-31,Fenchurch Global Asset Management,FGAM-FIN,Fenchurch Financials Sector Fund,Financials Sector,628212324.72,LLOY.L,Lloyds Banking Group PLC,equity,Financials,UK,,LLOY.L,486556,54.56,26546495.36,4.2257
2026-06-30,Fenchurch Global Asset Management,FGAM-FIN,Fenchurch Financials Sector Fund,Financials Sector,616956400.61,LLOY.L,Lloyds Banking Group PLC,equity,Financials,UK,,LLOY.L,484534,50.16,24304225.44,3.9394
2026-07-31,Fenchurch Global Asset Management,FGAM-FIN,Fenchurch Financials Sector Fund,Financials Sector,624937281.33,LLOY.L,Lloyds Banking Group PLC,equity,Financials,UK,,LLOY.L,493509,50.19,24769216.71,3.9635
2026-08-31,Fenchurch Global Asset Management,FGAM-FIN,Fenchurch Financials Sector Fund,Financials Sector,609869596.66,LLOY.L,Lloyds Banking Group PLC,equity,Financials,UK,,LLOY.L,504574,49.32,24885589.68,4.0805
2026-09-30,Fenchurch Global Asset Management,FGAM-FIN,Fenchurch Financials Sector Fund,Financials Sector,601432983.03,LLOY.L,Lloyds Banking Group PLC,equity,Financials,UK,,LLOY.L,505090,49.07,24784766.3,4.121
2025-10-31,Fenchurch Global Asset Management,FGAM-FIN,Fenchurch Financials Sector Fund,Financials Sector,608687545.29,NWG.L,NatWest Group PLC,equity,Financials,UK,,NWG.L,66419,335.25,22266969.75,3.6582
2025-11-30,Fenchurch Global Asset Management,FGAM-FIN,Fenchurch Financials Sector Fund,Financials Sector,615384753.25,NWG.L,NatWest Group PLC,equity,Financials,UK,,NWG.L,64421,316.44,20385381.24,3.3126
2025-12-31,Fenchurch Global Asset Management,FGAM-FIN,Fenchurch Financials Sector Fund,Financials Sector,614414298.98,NWG.L,NatWest Group PLC,equity,Financials,UK,,NWG.L,64350,329.17,21182089.5,3.4475
2026-01-31,Fenchurch Global Asset Management,FGAM-FIN,Fenchurch Financials Sector Fund,Financials Sector,618084287.37,NWG.L,NatWest Group PLC,equity,Financials,UK,,NWG.L,63648,302.48,19252247.04,3.1148
2026-02-28,Fenchurch Global Asset Management,FGAM-FIN,Fenchurch Financials Sector Fund,Financials Sector,624452876.29,NWG.L,NatWest Group PLC,equity,Financials,UK,,NWG.L,63566,334.45,21259648.7,3.4045
2026-03-31,Fenchurch Global Asset Management,FGAM-FIN,Fenchurch Financials Sector Fund,Financials Sector,634703768.22,NWG.L,NatWest Group PLC,equity,Financials,UK,,NWG.L,64585,409.38,26439807.3,4.1657
2026-04-30,Fenchurch Global Asset Management,FGAM-FIN,Fenchurch Financials Sector Fund,Financials Sector,629896421.29,NWG.L,NatWest Group PLC,equity,Financials,UK,,NWG.L,65459,397.39,26012752.01,4.1297
2026-05-31,Fenchurch Global Asset Management,FGAM-FIN,Fenchurch Financials Sector Fund,Financials Sector,628212324.72,NWG.L,NatWest Group PLC,equity,Financials,UK,,NWG.L,64440,393.02,25326208.8,4.0315
2026-06-30,Fenchurch Global Asset Management,FGAM-FIN,Fenchurch Financials Sector Fund,Financials Sector,616956400.61,NWG.L,NatWest Group PLC,equity,Financials,UK,,NWG.L,64854,404.17,26212041.18,4.2486
2026-07-31,Fenchurch Global Asset Management,FGAM-FIN,Fenchurch Financials Sector Fund,Financials Sector,624937281.33,NWG.L,NatWest Group PLC,equity,Financials,UK,,NWG.L,64665,391.22,25298241.3,4.0481
2026-08-31,Fenchurch Global Asset Management,FGAM-FIN,Fenchurch Financials Sector Fund,Financials Sector,609869596.66,NWG.L,NatWest Group PLC,equity,Financials,UK,,NWG.L,67481,379.77,25627259.37,4.2021
2026-09-30,Fenchurch Global Asset Management,FGAM-FIN,Fenchurch Financials Sector Fund,Financials Sector,601432983.03,NWG.L,NatWest Group PLC,equity,Financials,UK,,NWG.L,68565,370.26,25386876.9,4.2211
2025-10-31,Fenchurch Global Asset Management,FGAM-FIN,Fenchurch Financials Sector Fund,Financials Sector,608687545.29,STAN.L,Standard Chartered PLC,equity,Financials,UK,,STAN.L,28781,776.65,22352763.65,3.6723
2025-11-30,Fenchurch Global Asset Management,FGAM-FIN,Fenchurch Financials Sector Fund,Financials Sector,615384753.25,STAN.L,Standard Chartered PLC,equity,Financials,UK,,STAN.L,29513,706.01,20836473.13,3.3859
2025-12-31,Fenchurch Global Asset Management,FGAM-FIN,Fenchurch Financials Sector Fund,Financials Sector,614414298.98,STAN.L,Standard Chartered PLC,equity,Financials,UK,,STAN.L,28644,795.48,22785729.12,3.7085
2026-01-31,Fenchurch Global Asset Management,FGAM-FIN,Fenchurch Financials Sector Fund,Financials Sector,618084287.37,STAN.L,Standard Chartered PLC,equity,Financials,UK,,STAN.L,28818,768.69,22152108.42,3.584
2026-02-28,Fenchurch Global Asset Management,FGAM-FIN,Fenchurch Financials Sector Fund,Financials Sector,624452876.29,STAN.L,Standard Chartered PLC,equity,Financials,UK,,STAN.L,28722,748.47,21497555.34,3.4426
2026-03-31,Fenchurch Global Asset Management,FGAM-FIN,Fenchurch Financials Sector Fund,Financials Sector,634703768.22,STAN.L,Standard Chartered PLC,equity,Financials,UK,,STAN.L,29028,812.08,23573058.24,3.714
2026-04-30,Fenchurch Global Asset Management,FGAM-FIN,Fenchurch Financials Sector Fund,Financials Sector,629896421.29,STAN.L,Standard Chartered PLC,equity,Financials,UK,,STAN.L,29096,760.31,22121979.76,3.512
2026-05-31,Fenchurch Global Asset Management,FGAM-FIN,Fenchurch Financials Sector Fund,Financials Sector,628212324.72,STAN.L,Standard Chartered PLC,equity,Financials,UK,,STAN.L,28505,732.88,20890744.4,3.3254
2026-06-30,Fenchurch Global Asset Management,FGAM-FIN,Fenchurch Financials Sector Fund,Financials Sector,616956400.61,STAN.L,Standard Chartered PLC,equity,Financials,UK,,STAN.L,29399,737.51,21682056.49,3.5144
2026-07-31,Fenchurch Global Asset Management,FGAM-FIN,Fenchurch Financials Sector Fund,Financials Sector,624937281.33,STAN.L,Standard Chartered PLC,equity,Financials,UK,,STAN.L,28952,630.56,18255973.12,2.9212
2026-08-31,Fenchurch Global Asset Management,FGAM-FIN,Fenchurch Financials Sector Fund,Financials Sector,609869596.66,STAN.L,Standard Chartered PLC,equity,Financials,UK,,STAN.L,28805,592.72,17073299.6,2.7995
2026-09-30,Fenchurch Global Asset Management,FGAM-FIN,Fenchurch Financials Sector Fund,Financials Sector,601432983.03,STAN.L,Standard Chartered PLC,equity,Financials,UK,,STAN.L,28709,638.36,18326677.24,3.0472
2025-10-31,Fenchurch Global Asset Management,FGAM-FIN,Fenchurch Financials Sector Fund,Financials Sector,608687545.29,DBK.DE,Deutsche Bank AG,equity,Financials,Germany,,DBK.DE,1330295,17.0,22615015.0,3.7154
2025-11-30,Fenchurch Global Asset Management,FGAM-FIN,Fenchurch Financials Sector Fund,Financials Sector,615384753.25,DBK.DE,Deutsche Bank AG,equity,Financials,Germany,,DBK.DE,1323962,17.42,23063418.04,3.7478
2025-12-31,Fenchurch Global Asset Management,FGAM-FIN,Fenchurch Financials Sector Fund,Financials Sector,614414298.98,DBK.DE,Deutsche Bank AG,equity,Financials,Germany,,DBK.DE,1354848,17.91,24265327.68,3.9493
2026-01-31,Fenchurch Global Asset Management,FGAM-FIN,Fenchurch Financials Sector Fund,Financials Sector,618084287.37,DBK.DE,Deutsche Bank AG,equity,Financials,Germany,,DBK.DE,1343767,17.09,22964978.03,3.7155
2026-02-28,Fenchurch Global Asset Management,FGAM-FIN,Fenchurch Financials Sector Fund,Financials Sector,624452876.29,DBK.DE,Deutsche Bank AG,equity,Financials,Germany,,DBK.DE,1307977,16.2,21189227.4,3.3932
2026-03-31,Fenchurch Global Asset Management,FGAM-FIN,Fenchurch Financials Sector Fund,Financials Sector,634703768.22,DBK.DE,Deutsche Bank AG,equity,Financials,Germany,,DBK.DE,1333332,16.65,22199977.8,3.4977
2026-04-30,Fenchurch Global Asset Management,FGAM-FIN,Fenchurch Financials Sector Fund,Financials Sector,629896421.29,DBK.DE,Deutsche Bank AG,equity,Financials,Germany,,DBK.DE,1342581,16.49,22139160.69,3.5147
2026-05-31,Fenchurch Global Asset Management,FGAM-FIN,Fenchurch Financials Sector Fund,Financials Sector,628212324.72,DBK.DE,Deutsche Bank AG,equity,Financials,Germany,,DBK.DE,1384202,17.35,24015904.7,3.8229
2026-06-30,Fenchurch Global Asset Management,FGAM-FIN,Fenchurch Financials Sector Fund,Financials Sector,616956400.61,DBK.DE,Deutsche Bank AG,equity,Financials,Germany,,DBK.DE,1415066,16.18,22895767.88,3.7111
2026-07-31,Fenchurch Global Asset Management,FGAM-FIN,Fenchurch Financials Sector Fund,Financials Sector,624937281.33,DBK.DE,Deutsche Bank AG,equity,Financials,Germany,,DBK.DE,1421138,15.59,22155541.42,3.5452
2026-08-31,Fenchurch Global Asset Management,FGAM-FIN,Fenchurch Financials Sector Fund,Financials Sector,609869596.66,DBK.DE,Deutsche Bank AG,equity,Financials,Germany,,DBK.DE,1408779,14.34,20201890.86,3.3125
2026-09-30,Fenchurch Global Asset Management,FGAM-FIN,Fenchurch Financials Sector Fund,Financials Sector,601432983.03,DBK.DE,Deutsche Bank AG,equity,Financials,Germany,,DBK.DE,1394970,13.82,19278485.4,3.2054
2025-10-31,Fenchurch Global Asset Management,FGAM-FIN,Fenchurch Financials Sector Fund,Financials Sector,608687545.29,BNP.PA,BNP Paribas SA,equity,Financials,France,,BNP.PA,384523,60.16,23132903.68,3.8005
2025-11-30,Fenchurch Global Asset Management,FGAM-FIN,Fenchurch Financials Sector Fund,Financials Sector,615384753.25,BNP.PA,BNP Paribas SA,equity,Financials,France,,BNP.PA,386083,58.59,22620602.97,3.6758
2025-12-31,Fenchurch Global Asset Management,FGAM-FIN,Fenchurch Financials Sector Fund,Financials Sector,614414298.98,BNP.PA,BNP Paribas SA,equity,Financials,France,,BNP.PA,386019,60.03,23172720.57,3.7715
2026-01-31,Fenchurch Global Asset Management,FGAM-FIN,Fenchurch Financials Sector Fund,Financials Sector,618084287.37,BNP.PA,BNP Paribas SA,equity,Financials,France,,BNP.PA,396573,59.78,23707133.94,3.8356
2026-02-28,Fenchurch Global Asset Management,FGAM-FIN,Fenchurch Financials Sector Fund,Financials Sector,624452876.29,BNP.PA,BNP Paribas SA,equity,Financials,France,,BNP.PA,395600,63.21,25005876.0,4.0044
2026-03-31,Fenchurch Global Asset Management,FGAM-FIN,Fenchurch Financials Sector Fund,Financials Sector,634703768.22,BNP.PA,BNP Paribas SA,equity,Financials,France,,BNP.PA,397356,60.78,24151297.68,3.8051
2026-04-30,Fenchurch Global Asset Management,FGAM-FIN,Fenchurch Financials Sector Fund,Financials Sector,629896421.29,BNP.PA,BNP Paribas SA,equity,Financials,France,,BNP.PA,390616,57.73,22550261.68,3.58
2026-05-31,Fenchurch Global Asset Management,FGAM-FIN,Fenchurch Financials Sector Fund,Financials Sector,628212324.72,BNP.PA,BNP Paribas SA,equity,Financials,France,,BNP.PA,385905,57.1,22035175.5,3.5076
2026-06-30,Fenchurch Global Asset Management,FGAM-FIN,Fenchurch Financials Sector Fund,Financials Sector,616956400.61,BNP.PA,BNP Paribas SA,equity,Financials,France,,BNP.PA,375375,57.8,21696675.0,3.5167
2026-07-31,Fenchurch Global Asset Management,FGAM-FIN,Fenchurch Financials Sector Fund,Financials Sector,624937281.33,BNP.PA,BNP Paribas SA,equity,Financials,France,,BNP.PA,367823,54.3,19972788.9,3.196
2026-08-31,Fenchurch Global Asset Management,FGAM-FIN,Fenchurch Financials Sector Fund,Financials Sector,609869596.66,BNP.PA,BNP Paribas SA,equity,Financials,France,,BNP.PA,371570,50.55,18782863.5,3.0798
2026-09-30,Fenchurch Global Asset Management,FGAM-FIN,Fenchurch Financials Sector Fund,Financials Sector,601432983.03,BNP.PA,BNP Paribas SA,equity,Financials,France,,BNP.PA,370646,50.28,18636080.88,3.0986
2025-10-31,Fenchurch Global Asset Management,FGAM-FIN,Fenchurch Financials Sector Fund,Financials Sector,608687545.29,SAN.MC,Banco Santander SA,equity,Financials,Spain,,SAN.MC,5727212,3.92,22450671.04,3.6884
2025-11-30,Fenchurch Global Asset Management,FGAM-FIN,Fenchurch Financials Sector Fund,Financials Sector,615384753.25,SAN.MC,Banco Santander SA,equity,Financials,Spain,,SAN.MC,5791484,3.76,21775979.84,3.5386
2025-12-31,Fenchurch Global Asset Management,FGAM-FIN,Fenchurch Financials Sector Fund,Financials Sector,614414298.98,SAN.MC,Banco Santander SA,equity,Financials,Spain,,SAN.MC,5765598,3.67,21159744.66,3.4439
2026-01-31,Fenchurch Global Asset Management,FGAM-FIN,Fenchurch Financials Sector Fund,Financials Sector,618084287.37,SAN.MC,Banco Santander SA,equity,Financials,Spain,,SAN.MC,5864183,3.59,21052416.97,3.4061
2026-02-28,Fenchurch Global Asset Management,FGAM-FIN,Fenchurch Financials Sector Fund,Financials Sector,624452876.29,SAN.MC,Banco Santander SA,equity,Financials,Spain,,SAN.MC,6003449,3.77,22633002.73,3.6245
2026-03-31,Fenchurch Global Asset Management,FGAM-FIN,Fenchurch Financials Sector Fund,Financials Sector,634703768.22,SAN.MC,Banco Santander SA,equity,Financials,Spain,,SAN.MC,5873218,3.65,21437245.7,3.3775
2026-04-30,Fenchurch Global Asset Management,FGAM-FIN,Fenchurch Financials Sector Fund,Financials Sector,629896421.29,SAN.MC,Banco Santander SA,equity,Financials,Spain,,SAN.MC,5908644,3.72,21980155.68,3.4895
2026-05-31,Fenchurch Global Asset Management,FGAM-FIN,Fenchurch Financials Sector Fund,Financials Sector,628212324.72,SAN.MC,Banco Santander SA,equity,Financials,Spain,,SAN.MC,6001390,3.77,22625240.3,3.6015
2026-06-30,Fenchurch Global Asset Management,FGAM-FIN,Fenchurch Financials Sector Fund,Financials Sector,616956400.61,SAN.MC,Banco Santander SA,equity,Financials,Spain,,SAN.MC,5888711,3.62,21317133.82,3.4552
2026-07-31,Fenchurch Global Asset Management,FGAM-FIN,Fenchurch Financials Sector Fund,Financials Sector,624937281.33,SAN.MC,Banco Santander SA,equity,Financials,Spain,,SAN.MC,5796179,3.39,19649046.81,3.1442
2026-08-31,Fenchurch Global Asset Management,FGAM-FIN,Fenchurch Financials Sector Fund,Financials Sector,609869596.66,SAN.MC,Banco Santander SA,equity,Financials,Spain,,SAN.MC,5889905,3.6,21203658.0,3.4768
2026-09-30,Fenchurch Global Asset Management,FGAM-FIN,Fenchurch Financials Sector Fund,Financials Sector,601432983.03,SAN.MC,Banco Santander SA,equity,Financials,Spain,,SAN.MC,5911251,3.5,20689378.5,3.44
2025-10-31,Fenchurch Global Asset Management,FGAM-FIN,Fenchurch Financials Sector Fund,Financials Sector,608687545.29,C,Citigroup Inc,equity,Financials,US,,C,327482,68.79,22527486.78,3.701
2025-11-30,Fenchurch Global Asset Management,FGAM-FIN,Fenchurch Financials Sector Fund,Financials Sector,615384753.25,C,Citigroup Inc,equity,Financials,US,,C,329013,69.45,22849952.85,3.7131
2025-12-31,Fenchurch Global Asset Management,FGAM-FIN,Fenchurch Financials Sector Fund,Financials Sector,614414298.98,C,Citigroup Inc,equity,Financials,US,,C,330772,67.82,22432957.04,3.6511
2026-01-31,Fenchurch Global Asset Management,FGAM-FIN,Fenchurch Financials Sector Fund,Financials Sector,618084287.37,C,Citigroup Inc,equity,Financials,US,,C,325359,65.61,21346803.99,3.4537
2026-02-28,Fenchurch Global Asset Management,FGAM-FIN,Fenchurch Financials Sector Fund,Financials Sector,624452876.29,C,Citigroup Inc,equity,Financials,US,,C,331026,61.48,20351478.48,3.2591
2026-03-31,Fenchurch Global Asset Management,FGAM-FIN,Fenchurch Financials Sector Fund,Financials Sector,634703768.22,C,Citigroup Inc,equity,Financials,US,,C,327667,57.86,18958812.62,2.987
2026-04-30,Fenchurch Global Asset Management,FGAM-FIN,Fenchurch Financials Sector Fund,Financials Sector,629896421.29,C,Citigroup Inc,equity,Financials,US,,C,323707,63.01,20396778.07,3.2381
2026-05-31,Fenchurch Global Asset Management,FGAM-FIN,Fenchurch Financials Sector Fund,Financials Sector,628212324.72,C,Citigroup Inc,equity,Financials,US,,C,322658,66.97,21608406.26,3.4397
2026-06-30,Fenchurch Global Asset Management,FGAM-FIN,Fenchurch Financials Sector Fund,Financials Sector,616956400.61,C,Citigroup Inc,equity,Financials,US,,C,331564,60.05,19910418.2,3.2272
2026-07-31,Fenchurch Global Asset Management,FGAM-FIN,Fenchurch Financials Sector Fund,Financials Sector,624937281.33,C,Citigroup Inc,equity,Financials,US,,C,334630,63.83,21359432.9,3.4179
2026-08-31,Fenchurch Global Asset Management,FGAM-FIN,Fenchurch Financials Sector Fund,Financials Sector,609869596.66,C,Citigroup Inc,equity,Financials,US,,C,332058,65.0,21583770.0,3.5391
2026-09-30,Fenchurch Global Asset Management,FGAM-FIN,Fenchurch Financials Sector Fund,Financials Sector,601432983.03,C,Citigroup Inc,equity,Financials,US,,C,330084,63.39,20924024.76,3.479
2025-10-31,Fenchurch Global Asset Management,FGAM-FIN,Fenchurch Financials Sector Fund,Financials Sector,608687545.29,MS,Morgan Stanley,equity,Financials,US,,MS,248326,92.01,22848475.26,3.7537
2025-11-30,Fenchurch Global Asset Management,FGAM-FIN,Fenchurch Financials Sector Fund,Financials Sector,615384753.25,MS,Morgan Stanley,equity,Financials,US,,MS,255357,88.78,22670594.46,3.684
2025-12-31,Fenchurch Global Asset Management,FGAM-FIN,Fenchurch Financials Sector Fund,Financials Sector,614414298.98,MS,Morgan Stanley,equity,Financials,US,,MS,254408,95.07,24186568.56,3.9365
2026-01-31,Fenchurch Global Asset Management,FGAM-FIN,Fenchurch Financials Sector Fund,Financials Sector,618084287.37,MS,Morgan Stanley,equity,Financials,US,,MS,255816,106.5,27244404.0,4.4079
2026-02-28,Fenchurch Global Asset Management,FGAM-FIN,Fenchurch Financials Sector Fund,Financials Sector,624452876.29,MS,Morgan Stanley,equity,Financials,US,,MS,251992,109.72,27648562.24,4.4276
2026-03-31,Fenchurch Global Asset Management,FGAM-FIN,Fenchurch Financials Sector Fund,Financials Sector,634703768.22,MS,Morgan Stanley,equity,Financials,US,,MS,250124,120.37,30107425.88,4.7435
2026-04-30,Fenchurch Global Asset Management,FGAM-FIN,Fenchurch Financials Sector Fund,Financials Sector,629896421.29,MS,Morgan Stanley,equity,Financials,US,,MS,255894,122.94,31459608.36,4.9944
2026-05-31,Fenchurch Global Asset Management,FGAM-FIN,Fenchurch Financials Sector Fund,Financials Sector,628212324.72,MS,Morgan Stanley,equity,Financials,US,,MS,248999,119.9,29854980.1,4.7524
2026-06-30,Fenchurch Global Asset Management,FGAM-FIN,Fenchurch Financials Sector Fund,Financials Sector,616956400.61,MS,Morgan Stanley,equity,Financials,US,,MS,246846,117.01,28883450.46,4.6816
2026-07-31,Fenchurch Global Asset Management,FGAM-FIN,Fenchurch Financials Sector Fund,Financials Sector,624937281.33,MS,Morgan Stanley,equity,Financials,US,,MS,251543,129.79,32647765.97,5.2242
2026-08-31,Fenchurch Global Asset Management,FGAM-FIN,Fenchurch Financials Sector Fund,Financials Sector,609869596.66,MS,Morgan Stanley,equity,Financials,US,,MS,250414,135.35,33893534.9,5.5575
2026-09-30,Fenchurch Global Asset Management,FGAM-FIN,Fenchurch Financials Sector Fund,Financials Sector,601432983.03,MS,Morgan Stanley,equity,Financials,US,,MS,258441,140.67,36354895.47,6.0447
2025-10-31,Fenchurch Global Asset Management,FGAM-FIN,Fenchurch Financials Sector Fund,Financials Sector,608687545.29,UBSG.SW,UBS Group AG,equity,Financials,Switzerland,,UBSG.SW,903015,25.26,22810158.9,3.7474
2025-11-30,Fenchurch Global Asset Management,FGAM-FIN,Fenchurch Financials Sector Fund,Financials Sector,615384753.25,UBSG.SW,UBS Group AG,equity,Financials,Switzerland,,UBSG.SW,887520,23.79,21114100.8,3.431
2025-12-31,Fenchurch Global Asset Management,FGAM-FIN,Fenchurch Financials Sector Fund,Financials Sector,614414298.98,UBSG.SW,UBS Group AG,equity,Financials,Switzerland,,UBSG.SW,886729,25.77,22851006.33,3.7192
2026-01-31,Fenchurch Global Asset Management,FGAM-FIN,Fenchurch Financials Sector Fund,Financials Sector,618084287.37,UBSG.SW,UBS Group AG,equity,Financials,Switzerland,,UBSG.SW,895565,27.56,24681771.4,3.9933
2026-02-28,Fenchurch Global Asset Management,FGAM-FIN,Fenchurch Financials Sector Fund,Financials Sector,624452876.29,UBSG.SW,UBS Group AG,equity,Financials,Switzerland,,UBSG.SW,903022,26.17,23632085.74,3.7844
2026-03-31,Fenchurch Global Asset Management,FGAM-FIN,Fenchurch Financials Sector Fund,Financials Sector,634703768.22,UBSG.SW,UBS Group AG,equity,Financials,Switzerland,,UBSG.SW,895606,25.24,22605095.44,3.5615
2026-04-30,Fenchurch Global Asset Management,FGAM-FIN,Fenchurch Financials Sector Fund,Financials Sector,629896421.29,UBSG.SW,UBS Group AG,equity,Financials,Switzerland,,UBSG.SW,882758,25.3,22333777.4,3.5456
2026-05-31,Fenchurch Global Asset Management,FGAM-FIN,Fenchurch Financials Sector Fund,Financials Sector,628212324.72,UBSG.SW,UBS Group AG,equity,Financials,Switzerland,,UBSG.SW,890283,24.7,21989990.1,3.5004
2026-06-30,Fenchurch Global Asset Management,FGAM-FIN,Fenchurch Financials Sector Fund,Financials Sector,616956400.61,UBSG.SW,UBS Group AG,equity,Financials,Switzerland,,UBSG.SW,887091,25.69,22789367.79,3.6938
2026-07-31,Fenchurch Global Asset Management,FGAM-FIN,Fenchurch Financials Sector Fund,Financials Sector,624937281.33,UBSG.SW,UBS Group AG,equity,Financials,Switzerland,,UBSG.SW,889908,26.93,23965222.44,3.8348
2026-08-31,Fenchurch Global Asset Management,FGAM-FIN,Fenchurch Financials Sector Fund,Financials Sector,609869596.66,UBSG.SW,UBS Group AG,equity,Financials,Switzerland,,UBSG.SW,908023,27.22,24716386.06,4.0527
2026-09-30,Fenchurch Global Asset Management,FGAM-FIN,Fenchurch Financials Sector Fund,Financials Sector,601432983.03,UBSG.SW,UBS Group AG,equity,Financials,Switzerland,,UBSG.SW,923877,26.6,24575128.2,4.0861
2025-10-31,Fenchurch Global Asset Management,FGAM-FIN,Fenchurch Financials Sector Fund,Financials Sector,608687545.29,LGEN.L,Legal & General Group PLC,equity,Insurance,UK,,LGEN.L,8787088,2.54,22319203.52,3.6668
2025-11-30,Fenchurch Global Asset Management,FGAM-FIN,Fenchurch Financials Sector Fund,Financials Sector,615384753.25,LGEN.L,Legal & General Group PLC,equity,Insurance,UK,,LGEN.L,8636100,2.45,21158445.0,3.4382
2025-12-31,Fenchurch Global Asset Management,FGAM-FIN,Fenchurch Financials Sector Fund,Financials Sector,614414298.98,LGEN.L,Legal & General Group PLC,equity,Insurance,UK,,LGEN.L,8710113,2.57,22384990.41,3.6433
2026-01-31,Fenchurch Global Asset Management,FGAM-FIN,Fenchurch Financials Sector Fund,Financials Sector,618084287.37,LGEN.L,Legal & General Group PLC,equity,Insurance,UK,,LGEN.L,8866887,2.89,25625303.43,4.1459
2026-02-28,Fenchurch Global Asset Management,FGAM-FIN,Fenchurch Financials Sector Fund,Financials Sector,624452876.29,LGEN.L,Legal & General Group PLC,equity,Insurance,UK,,LGEN.L,8695307,2.93,25477249.51,4.0799
2026-03-31,Fenchurch Global Asset Management,FGAM-FIN,Fenchurch Financials Sector Fund,Financials Sector,634703768.22,LGEN.L,Legal & General Group PLC,equity,Insurance,UK,,LGEN.L,8610951,3.58,30827204.58,4.8569
2026-04-30,Fenchurch Global Asset Management,FGAM-FIN,Fenchurch Financials Sector Fund,Financials Sector,629896421.29,LGEN.L,Legal & General Group PLC,equity,Insurance,UK,,LGEN.L,8566543,3.17,27155941.31,4.3112
2026-05-31,Fenchurch Global Asset Management,FGAM-FIN,Fenchurch Financials Sector Fund,Financials Sector,628212324.72,LGEN.L,Legal & General Group PLC,equity,Insurance,UK,,LGEN.L,8491390,2.93,24879772.7,3.9604
2026-06-30,Fenchurch Global Asset Management,FGAM-FIN,Fenchurch Financials Sector Fund,Financials Sector,616956400.61,LGEN.L,Legal & General Group PLC,equity,Insurance,UK,,LGEN.L,8345876,2.84,23702287.84,3.8418
2026-07-31,Fenchurch Global Asset Management,FGAM-FIN,Fenchurch Financials Sector Fund,Financials Sector,624937281.33,LGEN.L,Legal & General Group PLC,equity,Insurance,UK,,LGEN.L,8122926,2.87,23312797.62,3.7304
2026-08-31,Fenchurch Global Asset Management,FGAM-FIN,Fenchurch Financials Sector Fund,Financials Sector,609869596.66,LGEN.L,Legal & General Group PLC,equity,Insurance,UK,,LGEN.L,8239239,2.76,22740299.64,3.7287
2026-09-30,Fenchurch Global Asset Management,FGAM-FIN,Fenchurch Financials Sector Fund,Financials Sector,601432983.03,LGEN.L,Legal & General Group PLC,equity,Insurance,UK,,LGEN.L,8463702,2.8,23698365.6,3.9403
2025-10-31,Fenchurch Global Asset Management,FGAM-FIN,Fenchurch Financials Sector Fund,Financials Sector,608687545.29,PRU.L,Prudential PLC,equity,Insurance,UK,,PRU.L,3118202,7.22,22513418.44,3.6987
2025-11-30,Fenchurch Global Asset Management,FGAM-FIN,Fenchurch Financials Sector Fund,Financials Sector,615384753.25,PRU.L,Prudential PLC,equity,Insurance,UK,,PRU.L,3108712,6.8,21139241.6,3.4351
2025-12-31,Fenchurch Global Asset Management,FGAM-FIN,Fenchurch Financials Sector Fund,Financials Sector,614414298.98,PRU.L,Prudential PLC,equity,Insurance,UK,,PRU.L,3122681,6.88,21484045.28,3.4967
2026-01-31,Fenchurch Global Asset Management,FGAM-FIN,Fenchurch Financials Sector Fund,Financials Sector,618084287.37,PRU.L,Prudential PLC,equity,Insurance,UK,,PRU.L,3116001,7.1,22123607.1,3.5794
2026-02-28,Fenchurch Global Asset Management,FGAM-FIN,Fenchurch Financials Sector Fund,Financials Sector,624452876.29,PRU.L,Prudential PLC,equity,Insurance,UK,,PRU.L,3121326,7.24,22598400.24,3.6189
2026-03-31,Fenchurch Global Asset Management,FGAM-FIN,Fenchurch Financials Sector Fund,Financials Sector,634703768.22,PRU.L,Prudential PLC,equity,Insurance,UK,,PRU.L,3111085,7.16,22275368.6,3.5096
2026-04-30,Fenchurch Global Asset Management,FGAM-FIN,Fenchurch Financials Sector Fund,Financials Sector,629896421.29,PRU.L,Prudential PLC,equity,Insurance,UK,,PRU.L,3143017,6.65,20901063.05,3.3182
2026-05-31,Fenchurch Global Asset Management,FGAM-FIN,Fenchurch Financials Sector Fund,Financials Sector,628212324.72,PRU.L,Prudential PLC,equity,Insurance,UK,,PRU.L,3144004,6.62,20813306.48,3.3131
2026-06-30,Fenchurch Global Asset Management,FGAM-FIN,Fenchurch Financials Sector Fund,Financials Sector,616956400.61,PRU.L,Prudential PLC,equity,Insurance,UK,,PRU.L,3164760,6.46,20444349.6,3.3137
2026-07-31,Fenchurch Global Asset Management,FGAM-FIN,Fenchurch Financials Sector Fund,Financials Sector,624937281.33,PRU.L,Prudential PLC,equity,Insurance,UK,,PRU.L,3275903,6.23,20408875.69,3.2657
2026-08-31,Fenchurch Global Asset Management,FGAM-FIN,Fenchurch Financials Sector Fund,Financials Sector,609869596.66,PRU.L,Prudential PLC,equity,Insurance,UK,,PRU.L,3165680,6.25,19785500.0,3.2442
2026-09-30,Fenchurch Global Asset Management,FGAM-FIN,Fenchurch Financials Sector Fund,Financials Sector,601432983.03,PRU.L,Prudential PLC,equity,Insurance,UK,,PRU.L,3180431,6.71,21340692.01,3.5483
2025-10-31,Fenchurch Global Asset Management,FGAM-FIN,Fenchurch Financials Sector Fund,Financials Sector,608687545.29,GFIN.L,Global Financials Index Fund,etf,Diversified,Global,,GFIN.L,45614,505.67,23065631.38,3.7894
2025-11-30,Fenchurch Global Asset Management,FGAM-FIN,Fenchurch Financials Sector Fund,Financials Sector,615384753.25,GFIN.L,Global Financials Index Fund,etf,Diversified,Global,,GFIN.L,44835,524.4,23511474.0,3.8206
2025-12-31,Fenchurch Global Asset Management,FGAM-FIN,Fenchurch Financials Sector Fund,Financials Sector,614414298.98,GFIN.L,Global Financials Index Fund,etf,Diversified,Global,,GFIN.L,45821,523.04,23966215.84,3.9007
2026-01-31,Fenchurch Global Asset Management,FGAM-FIN,Fenchurch Financials Sector Fund,Financials Sector,618084287.37,GFIN.L,Global Financials Index Fund,etf,Diversified,Global,,GFIN.L,45873,498.83,22882828.59,3.7022
2026-02-28,Fenchurch Global Asset Management,FGAM-FIN,Fenchurch Financials Sector Fund,Financials Sector,624452876.29,GFIN.L,Global Financials Index Fund,etf,Diversified,Global,,GFIN.L,45362,489.9,22222843.8,3.5588
2026-03-31,Fenchurch Global Asset Management,FGAM-FIN,Fenchurch Financials Sector Fund,Financials Sector,634703768.22,GFIN.L,Global Financials Index Fund,etf,Diversified,Global,,GFIN.L,45870,495.8,22742346.0,3.5831
2026-04-30,Fenchurch Global Asset Management,FGAM-FIN,Fenchurch Financials Sector Fund,Financials Sector,629896421.29,GFIN.L,Global Financials Index Fund,etf,Diversified,Global,,GFIN.L,46345,548.44,25417451.8,4.0352
2026-05-31,Fenchurch Global Asset Management,FGAM-FIN,Fenchurch Financials Sector Fund,Financials Sector,628212324.72,GFIN.L,Global Financials Index Fund,etf,Diversified,Global,,GFIN.L,46641,596.78,27834415.98,4.4307
2026-06-30,Fenchurch Global Asset Management,FGAM-FIN,Fenchurch Financials Sector Fund,Financials Sector,616956400.61,GFIN.L,Global Financials Index Fund,etf,Diversified,Global,,GFIN.L,45852,556.29,25507009.08,4.1343
2026-07-31,Fenchurch Global Asset Management,FGAM-FIN,Fenchurch Financials Sector Fund,Financials Sector,624937281.33,GFIN.L,Global Financials Index Fund,etf,Diversified,Global,,GFIN.L,45925,567.87,26079429.75,4.1731
2026-08-31,Fenchurch Global Asset Management,FGAM-FIN,Fenchurch Financials Sector Fund,Financials Sector,609869596.66,GFIN.L,Global Financials Index Fund,etf,Diversified,Global,,GFIN.L,45344,561.42,25457028.48,4.1742
2026-09-30,Fenchurch Global Asset Management,FGAM-FIN,Fenchurch Financials Sector Fund,Financials Sector,601432983.03,GFIN.L,Global Financials Index Fund,etf,Diversified,Global,,GFIN.L,44107,583.34,25729377.38,4.278
2025-10-31,Fenchurch Global Asset Management,FGAM-FIN,Fenchurch Financials Sector Fund,Financials Sector,608687545.29,SHEL,Shell PLC,equity,Energy,UK,,SHEL,245611,26.27,6452200.97,1.06
2025-11-30,Fenchurch Global Asset Management,FGAM-FIN,Fenchurch Financials Sector Fund,Financials Sector,615384753.25,SHEL,Shell PLC,equity,Energy,UK,,SHEL,239973,27.42,6580059.66,1.0693
2025-12-31,Fenchurch Global Asset Management,FGAM-FIN,Fenchurch Financials Sector Fund,Financials Sector,614414298.98,SHEL,Shell PLC,equity,Energy,UK,,SHEL,241433,30.31,7317834.23,1.191
2026-01-31,Fenchurch Global Asset Management,FGAM-FIN,Fenchurch Financials Sector Fund,Financials Sector,618084287.37,SHEL,Shell PLC,equity,Energy,UK,,SHEL,239360,26.79,6412454.4,1.0375
2026-02-28,Fenchurch Global Asset Management,FGAM-FIN,Fenchurch Financials Sector Fund,Financials Sector,624452876.29,SHEL,Shell PLC,equity,Energy,UK,,SHEL,243181,26.92,6546432.52,1.0483
2026-03-31,Fenchurch Global Asset Management,FGAM-FIN,Fenchurch Financials Sector Fund,Financials Sector,634703768.22,SHEL,Shell PLC,equity,Energy,UK,,SHEL,239930,23.12,5547181.6,0.874
2026-04-30,Fenchurch Global Asset Management,FGAM-FIN,Fenchurch Financials Sector Fund,Financials Sector,629896421.29,SHEL,Shell PLC,equity,Energy,UK,,SHEL,239362,25.67,6144422.54,0.9755
2026-05-31,Fenchurch Global Asset Management,FGAM-FIN,Fenchurch Financials Sector Fund,Financials Sector,628212324.72,SHEL,Shell PLC,equity,Energy,UK,,SHEL,239548,25.66,6146801.68,0.9785
2026-06-30,Fenchurch Global Asset Management,FGAM-FIN,Fenchurch Financials Sector Fund,Financials Sector,616956400.61,SHEL,Shell PLC,equity,Energy,UK,,SHEL,245848,21.85,5371778.8,0.8707
2026-07-31,Fenchurch Global Asset Management,FGAM-FIN,Fenchurch Financials Sector Fund,Financials Sector,624937281.33,SHEL,Shell PLC,equity,Energy,UK,,SHEL,255277,20.55,5245942.35,0.8394
2026-08-31,Fenchurch Global Asset Management,FGAM-FIN,Fenchurch Financials Sector Fund,Financials Sector,609869596.66,SHEL,Shell PLC,equity,Energy,UK,,SHEL,258407,23.03,5951113.21,0.9758
2026-09-30,Fenchurch Global Asset Management,FGAM-FIN,Fenchurch Financials Sector Fund,Financials Sector,601432983.03,SHEL,Shell PLC,equity,Energy,UK,,SHEL,252658,19.7,4977362.6,0.8276
2025-10-31,Fenchurch Global Asset Management,FGAM-FIN,Fenchurch Financials Sector Fund,Financials Sector,608687545.29,BP,BP PLC,equity,Energy,UK,,BP,1338646,4.9,6559365.4,1.0776
2025-11-30,Fenchurch Global Asset Management,FGAM-FIN,Fenchurch Financials Sector Fund,Financials Sector,615384753.25,BP,BP PLC,equity,Energy,UK,,BP,1321782,5.05,6674999.1,1.0847
2025-12-31,Fenchurch Global Asset Management,FGAM-FIN,Fenchurch Financials Sector Fund,Financials Sector,614414298.98,BP,BP PLC,equity,Energy,UK,,BP,1318203,4.94,6511922.82,1.0599
2026-01-31,Fenchurch Global Asset Management,FGAM-FIN,Fenchurch Financials Sector Fund,Financials Sector,618084287.37,BP,BP PLC,equity,Energy,UK,,BP,1355616,5.01,6791636.16,1.0988
2026-02-28,Fenchurch Global Asset Management,FGAM-FIN,Fenchurch Financials Sector Fund,Financials Sector,624452876.29,BP,BP PLC,equity,Energy,UK,,BP,1367741,5.62,7686704.42,1.231
2026-03-31,Fenchurch Global Asset Management,FGAM-FIN,Fenchurch Financials Sector Fund,Financials Sector,634703768.22,BP,BP PLC,equity,Energy,UK,,BP,1403941,5.57,7819951.37,1.2321
2026-04-30,Fenchurch Global Asset Management,FGAM-FIN,Fenchurch Financials Sector Fund,Financials Sector,629896421.29,BP,BP PLC,equity,Energy,UK,,BP,1407043,5.82,8188990.26,1.3001
2026-05-31,Fenchurch Global Asset Management,FGAM-FIN,Fenchurch Financials Sector Fund,Financials Sector,628212324.72,BP,BP PLC,equity,Energy,UK,,BP,1430106,5.72,8180206.32,1.3021
2026-06-30,Fenchurch Global Asset Management,FGAM-FIN,Fenchurch Financials Sector Fund,Financials Sector,616956400.61,BP,BP PLC,equity,Energy,UK,,BP,1417639,5.62,7967131.18,1.2914
2026-07-31,Fenchurch Global Asset Management,FGAM-FIN,Fenchurch Financials Sector Fund,Financials Sector,624937281.33,BP,BP PLC,equity,Energy,UK,,BP,1379306,5.47,7544803.82,1.2073
2026-08-31,Fenchurch Global Asset Management,FGAM-FIN,Fenchurch Financials Sector Fund,Financials Sector,609869596.66,BP,BP PLC,equity,Energy,UK,,BP,1372502,5.54,7603661.08,1.2468
2026-09-30,Fenchurch Global Asset Management,FGAM-FIN,Fenchurch Financials Sector Fund,Financials Sector,601432983.03,BP,BP PLC,equity,Energy,UK,,BP,1427668,5.53,7895004.04,1.3127
2025-10-31,Fenchurch Global Asset Management,FGAM-FIN,Fenchurch Financials Sector Fund,Financials Sector,608687545.29,AAPL,Apple Inc,equity,Technology,US,,AAPL,34087,191.35,6522547.45,1.0716
2025-11-30,Fenchurch Global Asset Management,FGAM-FIN,Fenchurch Financials Sector Fund,Financials Sector,615384753.25,AAPL,Apple Inc,equity,Technology,US,,AAPL,33987,200.11,6801138.57,1.1052
2025-12-31,Fenchurch Global Asset Management,FGAM-FIN,Fenchurch Financials Sector Fund,Financials Sector,614414298.98,AAPL,Apple Inc,equity,Technology,US,,AAPL,32690,198.48,6488311.2,1.056
2026-01-31,Fenchurch Global Asset Management,FGAM-FIN,Fenchurch Financials Sector Fund,Financials Sector,618084287.37,AAPL,Apple Inc,equity,Technology,US,,AAPL,33216,176.64,5867274.24,0.9493
2026-02-28,Fenchurch Global Asset Management,FGAM-FIN,Fenchurch Financials Sector Fund,Financials Sector,624452876.29,AAPL,Apple Inc,equity,Technology,US,,AAPL,33518,220.55,7392394.9,1.1838
2026-03-31,Fenchurch Global Asset Management,FGAM-FIN,Fenchurch Financials Sector Fund,Financials Sector,634703768.22,AAPL,Apple Inc,equity,Technology,US,,AAPL,33318,202.9,6760222.2,1.0651
2026-04-30,Fenchurch Global Asset Management,FGAM-FIN,Fenchurch Financials Sector Fund,Financials Sector,629896421.29,AAPL,Apple Inc,equity,Technology,US,,AAPL,33261,239.2,7956031.2,1.2631
2026-05-31,Fenchurch Global Asset Management,FGAM-FIN,Fenchurch Financials Sector Fund,Financials Sector,628212324.72,AAPL,Apple Inc,equity,Technology,US,,AAPL,32932,193.31,6366084.92,1.0134
2026-06-30,Fenchurch Global Asset Management,FGAM-FIN,Fenchurch Financials Sector Fund,Financials Sector,616956400.61,AAPL,Apple Inc,equity,Technology,US,,AAPL,31972,196.55,6284096.6,1.0186
2026-07-31,Fenchurch Global Asset Management,FGAM-FIN,Fenchurch Financials Sector Fund,Financials Sector,624937281.33,AAPL,Apple Inc,equity,Technology,US,,AAPL,31372,195.82,6143265.04,0.983
2026-08-31,Fenchurch Global Asset Management,FGAM-FIN,Fenchurch Financials Sector Fund,Financials Sector,609869596.66,AAPL,Apple Inc,equity,Technology,US,,AAPL,31255,236.2,7382431.0,1.2105
2026-09-30,Fenchurch Global Asset Management,FGAM-FIN,Fenchurch Financials Sector Fund,Financials Sector,601432983.03,AAPL,Apple Inc,equity,Technology,US,,AAPL,31267,247.91,7751401.97,1.2888
2025-10-31,Fenchurch Global Asset Management,FGAM-FIN,Fenchurch Financials Sector Fund,Financials Sector,608687545.29,MSFT,Microsoft Corp,equity,Technology,US,,MSFT,15469,411.82,6370443.58,1.0466
2025-11-30,Fenchurch Global Asset Management,FGAM-FIN,Fenchurch Financials Sector Fund,Financials Sector,615384753.25,MSFT,Microsoft Corp,equity,Technology,US,,MSFT,15516,390.65,6061325.4,0.985
2025-12-31,Fenchurch Global Asset Management,FGAM-FIN,Fenchurch Financials Sector Fund,Financials Sector,614414298.98,MSFT,Microsoft Corp,equity,Technology,US,,MSFT,15441,360.76,5570495.16,0.9066
2026-01-31,Fenchurch Global Asset Management,FGAM-FIN,Fenchurch Financials Sector Fund,Financials Sector,618084287.37,MSFT,Microsoft Corp,equity,Technology,US,,MSFT,15771,373.07,5883686.97,0.9519
2026-02-28,Fenchurch Global Asset Management,FGAM-FIN,Fenchurch Financials Sector Fund,Financials Sector,624452876.29,MSFT,Microsoft Corp,equity,Technology,US,,MSFT,15582,352.73,5496238.86,0.8802
2026-03-31,Fenchurch Global Asset Management,FGAM-FIN,Fenchurch Financials Sector Fund,Financials Sector,634703768.22,MSFT,Microsoft Corp,equity,Technology,US,,MSFT,15706,351.08,5514062.48,0.8688
2026-04-30,Fenchurch Global Asset Management,FGAM-FIN,Fenchurch Financials Sector Fund,Financials Sector,629896421.29,MSFT,Microsoft Corp,equity,Technology,US,,MSFT,15807,351.73,5559796.11,0.8827
2026-05-31,Fenchurch Global Asset Management,FGAM-FIN,Fenchurch Financials Sector Fund,Financials Sector,628212324.72,MSFT,Microsoft Corp,equity,Technology,US,,MSFT,15869,379.46,6021650.74,0.9585
2026-06-30,Fenchurch Global Asset Management,FGAM-FIN,Fenchurch Financials Sector Fund,Financials Sector,616956400.61,MSFT,Microsoft Corp,equity,Technology,US,,MSFT,15960,394.86,6301965.6,1.0215
2026-07-31,Fenchurch Global Asset Management,FGAM-FIN,Fenchurch Financials Sector Fund,Financials Sector,624937281.33,MSFT,Microsoft Corp,equity,Technology,US,,MSFT,16196,444.62,7201065.52,1.1523
2026-08-31,Fenchurch Global Asset Management,FGAM-FIN,Fenchurch Financials Sector Fund,Financials Sector,609869596.66,MSFT,Microsoft Corp,equity,Technology,US,,MSFT,16511,446.36,7369849.96,1.2084
2026-09-30,Fenchurch Global Asset Management,FGAM-FIN,Fenchurch Financials Sector Fund,Financials Sector,601432983.03,MSFT,Microsoft Corp,equity,Technology,US,,MSFT,16691,500.44,8352844.04,1.3888
2025-10-31,Fenchurch Global Asset Management,FGAM-FIN,Fenchurch Financials Sector Fund,Financials Sector,608687545.29,ULVR,Unilever PLC,equity,Consumer Staples,UK,,ULVR,144658,43.7,6321554.6,1.0386
2025-11-30,Fenchurch Global Asset Management,FGAM-FIN,Fenchurch Financials Sector Fund,Financials Sector,615384753.25,ULVR,Unilever PLC,equity,Consumer Staples,UK,,ULVR,149469,45.16,6750020.04,1.0969
2025-12-31,Fenchurch Global Asset Management,FGAM-FIN,Fenchurch Financials Sector Fund,Financials Sector,614414298.98,ULVR,Unilever PLC,equity,Consumer Staples,UK,,ULVR,143323,42.56,6099826.88,0.9928
2026-01-31,Fenchurch Global Asset Management,FGAM-FIN,Fenchurch Financials Sector Fund,Financials Sector,618084287.37,ULVR,Unilever PLC,equity,Consumer Staples,UK,,ULVR,146374,41.93,6137461.82,0.993
2026-02-28,Fenchurch Global Asset Management,FGAM-FIN,Fenchurch Financials Sector Fund,Financials Sector,624452876.29,ULVR,Unilever PLC,equity,Consumer Staples,UK,,ULVR,147676,42.6,6290997.6,1.0074
2026-03-31,Fenchurch Global Asset Management,FGAM-FIN,Fenchurch Financials Sector Fund,Financials Sector,634703768.22,ULVR,Unilever PLC,equity,Consumer Staples,UK,,ULVR,146474,42.82,6272016.68,0.9882
2026-04-30,Fenchurch Global Asset Management,FGAM-FIN,Fenchurch Financials Sector Fund,Financials Sector,629896421.29,ULVR,Unilever PLC,equity,Consumer Staples,UK,,ULVR,145590,41.97,6110412.3,0.9701
2026-05-31,Fenchurch Global Asset Management,FGAM-FIN,Fenchurch Financials Sector Fund,Financials Sector,628212324.72,ULVR,Unilever PLC,equity,Consumer Staples,UK,,ULVR,142347,43.89,6247609.83,0.9945
2026-06-30,Fenchurch Global Asset Management,FGAM-FIN,Fenchurch Financials Sector Fund,Financials Sector,616956400.61,ULVR,Unilever PLC,equity,Consumer Staples,UK,,ULVR,140878,43.59,6140872.02,0.9953
2026-07-31,Fenchurch Global Asset Management,FGAM-FIN,Fenchurch Financials Sector Fund,Financials Sector,624937281.33,ULVR,Unilever PLC,equity,Consumer Staples,UK,,ULVR,146107,47.03,6871412.21,1.0995
2026-08-31,Fenchurch Global Asset Management,FGAM-FIN,Fenchurch Financials Sector Fund,Financials Sector,609869596.66,ULVR,Unilever PLC,equity,Consumer Staples,UK,,ULVR,144754,47.15,6825151.1,1.1191
2026-09-30,Fenchurch Global Asset Management,FGAM-FIN,Fenchurch Financials Sector Fund,Financials Sector,601432983.03,ULVR,Unilever PLC,equity,Consumer Staples,UK,,ULVR,143150,48.21,6901261.5,1.1475
2025-10-31,Fenchurch Global Asset Management,FGAM-FIN,Fenchurch Financials Sector Fund,Financials Sector,608687545.29,NESN,Nestle SA,equity,Consumer Staples,Switzerland,,NESN,66787,98.32,6566497.84,1.0788
2025-11-30,Fenchurch Global Asset Management,FGAM-FIN,Fenchurch Financials Sector Fund,Financials Sector,615384753.25,NESN,Nestle SA,equity,Consumer Staples,Switzerland,,NESN,67866,100.19,6799494.54,1.1049
2025-12-31,Fenchurch Global Asset Management,FGAM-FIN,Fenchurch Financials Sector Fund,Financials Sector,614414298.98,NESN,Nestle SA,equity,Consumer Staples,Switzerland,,NESN,66493,90.73,6032909.89,0.9819
2026-01-31,Fenchurch Global Asset Management,FGAM-FIN,Fenchurch Financials Sector Fund,Financials Sector,618084287.37,NESN,Nestle SA,equity,Consumer Staples,Switzerland,,NESN,65251,97.09,6335219.59,1.025
2026-02-28,Fenchurch Global Asset Management,FGAM-FIN,Fenchurch Financials Sector Fund,Financials Sector,624452876.29,NESN,Nestle SA,equity,Consumer Staples,Switzerland,,NESN,66157,92.39,6112245.23,0.9788
2026-03-31,Fenchurch Global Asset Management,FGAM-FIN,Fenchurch Financials Sector Fund,Financials Sector,634703768.22,NESN,Nestle SA,equity,Consumer Staples,Switzerland,,NESN,65726,93.74,6161155.24,0.9707
2026-04-30,Fenchurch Global Asset Management,FGAM-FIN,Fenchurch Financials Sector Fund,Financials Sector,629896421.29,NESN,Nestle SA,equity,Consumer Staples,Switzerland,,NESN,63931,88.97,5687941.07,0.903
2026-05-31,Fenchurch Global Asset Management,FGAM-FIN,Fenchurch Financials Sector Fund,Financials Sector,628212324.72,NESN,Nestle SA,equity,Consumer Staples,Switzerland,,NESN,66006,95.29,6289711.74,1.0012
2026-06-30,Fenchurch Global Asset Management,FGAM-FIN,Fenchurch Financials Sector Fund,Financials Sector,616956400.61,NESN,Nestle SA,equity,Consumer Staples,Switzerland,,NESN,66007,89.38,5899705.66,0.9563
2026-07-31,Fenchurch Global Asset Management,FGAM-FIN,Fenchurch Financials Sector Fund,Financials Sector,624937281.33,NESN,Nestle SA,equity,Consumer Staples,Switzerland,,NESN,65155,90.76,5913467.8,0.9462
2026-08-31,Fenchurch Global Asset Management,FGAM-FIN,Fenchurch Financials Sector Fund,Financials Sector,609869596.66,NESN,Nestle SA,equity,Consumer Staples,Switzerland,,NESN,65423,91.48,5984896.04,0.9813
2026-09-30,Fenchurch Global Asset Management,FGAM-FIN,Fenchurch Financials Sector Fund,Financials Sector,601432983.03,NESN,Nestle SA,equity,Consumer Staples,Switzerland,,NESN,65997,89.32,5894852.04,0.9801
2025-10-31,Fenchurch Global Asset Management,FGAM-FIN,Fenchurch Financials Sector Fund,Financials Sector,608687545.29,SIE,Siemens AG,equity,Industrials,Germany,,SIE,33489,192.94,6461367.66,1.0615
2025-11-30,Fenchurch Global Asset Management,FGAM-FIN,Fenchurch Financials Sector Fund,Financials Sector,615384753.25,SIE,Siemens AG,equity,Industrials,Germany,,SIE,33640,186.13,6261413.2,1.0175
2025-12-31,Fenchurch Global Asset Management,FGAM-FIN,Fenchurch Financials Sector Fund,Financials Sector,614414298.98,SIE,Siemens AG,equity,Industrials,Germany,,SIE,33641,186.13,6261599.33,1.0191
2026-01-31,Fenchurch Global Asset Management,FGAM-FIN,Fenchurch Financials Sector Fund,Financials Sector,618084287.37,SIE,Siemens AG,equity,Industrials,Germany,,SIE,33753,175.55,5925339.15,0.9587
2026-02-28,Fenchurch Global Asset Management,FGAM-FIN,Fenchurch Financials Sector Fund,Financials Sector,624452876.29,SIE,Siemens AG,equity,Industrials,Germany,,SIE,33889,187.6,6357576.4,1.0181
2026-03-31,Fenchurch Global Asset Management,FGAM-FIN,Fenchurch Financials Sector Fund,Financials Sector,634703768.22,SIE,Siemens AG,equity,Industrials,Germany,,SIE,34258,187.86,6435707.88,1.014
2026-04-30,Fenchurch Global Asset Management,FGAM-FIN,Fenchurch Financials Sector Fund,Financials Sector,629896421.29,SIE,Siemens AG,equity,Industrials,Germany,,SIE,34163,188.44,6437675.72,1.022
2026-05-31,Fenchurch Global Asset Management,FGAM-FIN,Fenchurch Financials Sector Fund,Financials Sector,628212324.72,SIE,Siemens AG,equity,Industrials,Germany,,SIE,34091,175.21,5973084.11,0.9508
2026-06-30,Fenchurch Global Asset Management,FGAM-FIN,Fenchurch Financials Sector Fund,Financials Sector,616956400.61,SIE,Siemens AG,equity,Industrials,Germany,,SIE,33902,162.1,5495514.2,0.8907
2026-07-31,Fenchurch Global Asset Management,FGAM-FIN,Fenchurch Financials Sector Fund,Financials Sector,624937281.33,SIE,Siemens AG,equity,Industrials,Germany,,SIE,33767,159.02,5369628.34,0.8592
2026-08-31,Fenchurch Global Asset Management,FGAM-FIN,Fenchurch Financials Sector Fund,Financials Sector,609869596.66,SIE,Siemens AG,equity,Industrials,Germany,,SIE,33831,164.55,5566891.05,0.9128
2026-09-30,Fenchurch Global Asset Management,FGAM-FIN,Fenchurch Financials Sector Fund,Financials Sector,601432983.03,SIE,Siemens AG,equity,Industrials,Germany,,SIE,32530,146.08,4751982.4,0.7901
2025-10-31,Fenchurch Global Asset Management,FGAM-FIN,Fenchurch Financials Sector Fund,Financials Sector,608687545.29,AZN,AstraZeneca PLC,equity,Healthcare,UK,,AZN,49186,133.01,6542229.86,1.0748
2025-11-30,Fenchurch Global Asset Management,FGAM-FIN,Fenchurch Financials Sector Fund,Financials Sector,615384753.25,AZN,AstraZeneca PLC,equity,Healthcare,UK,,AZN,48948,142.25,6962853.0,1.1315
2025-12-31,Fenchurch Global Asset Management,FGAM-FIN,Fenchurch Financials Sector Fund,Financials Sector,614414298.98,AZN,AstraZeneca PLC,equity,Healthcare,UK,,AZN,49347,142.41,7027506.27,1.1438
2026-01-31,Fenchurch Global Asset Management,FGAM-FIN,Fenchurch Financials Sector Fund,Financials Sector,618084287.37,AZN,AstraZeneca PLC,equity,Healthcare,UK,,AZN,50777,136.3,6920905.1,1.1197
2026-02-28,Fenchurch Global Asset Management,FGAM-FIN,Fenchurch Financials Sector Fund,Financials Sector,624452876.29,AZN,AstraZeneca PLC,equity,Healthcare,UK,,AZN,50792,135.51,6882823.92,1.1022
2026-03-31,Fenchurch Global Asset Management,FGAM-FIN,Fenchurch Financials Sector Fund,Financials Sector,634703768.22,AZN,AstraZeneca PLC,equity,Healthcare,UK,,AZN,49310,124.69,6148463.9,0.9687
2026-04-30,Fenchurch Global Asset Management,FGAM-FIN,Fenchurch Financials Sector Fund,Financials Sector,629896421.29,AZN,AstraZeneca PLC,equity,Healthcare,UK,,AZN,49877,114.95,5733361.15,0.9102
2026-05-31,Fenchurch Global Asset Management,FGAM-FIN,Fenchurch Financials Sector Fund,Financials Sector,628212324.72,AZN,AstraZeneca PLC,equity,Healthcare,UK,,AZN,49659,120.32,5974970.88,0.9511
2026-06-30,Fenchurch Global Asset Management,FGAM-FIN,Fenchurch Financials Sector Fund,Financials Sector,616956400.61,AZN,AstraZeneca PLC,equity,Healthcare,UK,,AZN,50368,109.3,5505222.4,0.8923
2026-07-31,Fenchurch Global Asset Management,FGAM-FIN,Fenchurch Financials Sector Fund,Financials Sector,624937281.33,AZN,AstraZeneca PLC,equity,Healthcare,UK,,AZN,49590,98.53,4886102.7,0.7819
2026-08-31,Fenchurch Global Asset Management,FGAM-FIN,Fenchurch Financials Sector Fund,Financials Sector,609869596.66,AZN,AstraZeneca PLC,equity,Healthcare,UK,,AZN,48998,101.36,4966437.28,0.8143
2026-09-30,Fenchurch Global Asset Management,FGAM-FIN,Fenchurch Financials Sector Fund,Financials Sector,601432983.03,AZN,AstraZeneca PLC,equity,Healthcare,UK,,AZN,50225,102.12,5128977.0,0.8528
2025-10-31,Fenchurch Global Asset Management,FGAM-FIN,Fenchurch Financials Sector Fund,Financials Sector,608687545.29,CAT,Caterpillar Inc,equity,Industrials,US,,CAT,19402,327.08,6346006.16,1.0426
2025-11-30,Fenchurch Global Asset Management,FGAM-FIN,Fenchurch Financials Sector Fund,Financials Sector,615384753.25,CAT,Caterpillar Inc,equity,Industrials,US,,CAT,19652,374.18,7353385.36,1.1949
2025-12-31,Fenchurch Global Asset Management,FGAM-FIN,Fenchurch Financials Sector Fund,Financials Sector,614414298.98,CAT,Caterpillar Inc,equity,Industrials,US,,CAT,19228,344.73,6628468.44,1.0788
2026-01-31,Fenchurch Global Asset Management,FGAM-FIN,Fenchurch Financials Sector Fund,Financials Sector,618084287.37,CAT,Caterpillar Inc,equity,Industrials,US,,CAT,19150,328.37,6288285.5,1.0174
2026-02-28,Fenchurch Global Asset Management,FGAM-FIN,Fenchurch Financials Sector Fund,Financials Sector,624452876.29,CAT,Caterpillar Inc,equity,Industrials,US,,CAT,19124,327.11,6255651.64,1.0018
2026-03-31,Fenchurch Global Asset Management,FGAM-FIN,Fenchurch Financials Sector Fund,Financials Sector,634703768.22,CAT,Caterpillar Inc,equity,Industrials,US,,CAT,18943,290.93,5511086.99,0.8683
2026-04-30,Fenchurch Global Asset Management,FGAM-FIN,Fenchurch Financials Sector Fund,Financials Sector,629896421.29,CAT,Caterpillar Inc,equity,Industrials,US,,CAT,18449,269.8,4977540.2,0.7902
2026-05-31,Fenchurch Global Asset Management,FGAM-FIN,Fenchurch Financials Sector Fund,Financials Sector,628212324.72,CAT,Caterpillar Inc,equity,Industrials,US,,CAT,18545,289.23,5363770.35,0.8538
2026-06-30,Fenchurch Global Asset Management,FGAM-FIN,Fenchurch Financials Sector Fund,Financials Sector,616956400.61,CAT,Caterpillar Inc,equity,Industrials,US,,CAT,18325,285.36,5229222.0,0.8476
2026-07-31,Fenchurch Global Asset Management,FGAM-FIN,Fenchurch Financials Sector Fund,Financials Sector,624937281.33,CAT,Caterpillar Inc,equity,Industrials,US,,CAT,18574,320.94,5961139.56,0.9539
2026-08-31,Fenchurch Global Asset Management,FGAM-FIN,Fenchurch Financials Sector Fund,Financials Sector,609869596.66,CAT,Caterpillar Inc,equity,Industrials,US,,CAT,18696,330.71,6182954.16,1.0138
2026-09-30,Fenchurch Global Asset Management,FGAM-FIN,Fenchurch Financials Sector Fund,Financials Sector,601432983.03,CAT,Caterpillar Inc,equity,Industrials,US,,CAT,18741,317.6,5952141.6,0.9897
2025-10-31,Fenchurch Global Asset Management,FGAM-FIN,Fenchurch Financials Sector Fund,Financials Sector,608687545.29,VOD.L,Vodafone Group PLC,equity,Telecommunications,UK,,VOD.L,9132485,0.72,6575389.2,1.0803
2025-11-30,Fenchurch Global Asset Management,FGAM-FIN,Fenchurch Financials Sector Fund,Financials Sector,615384753.25,VOD.L,Vodafone Group PLC,equity,Telecommunications,UK,,VOD.L,9071248,0.72,6531298.56,1.0613
2025-12-31,Fenchurch Global Asset Management,FGAM-FIN,Fenchurch Financials Sector Fund,Financials Sector,614414298.98,VOD.L,Vodafone Group PLC,equity,Telecommunications,UK,,VOD.L,8898741,0.68,6051143.88,0.9849
2026-01-31,Fenchurch Global Asset Management,FGAM-FIN,Fenchurch Financials Sector Fund,Financials Sector,618084287.37,VOD.L,Vodafone Group PLC,equity,Telecommunications,UK,,VOD.L,8983524,0.69,6198631.56,1.0029
2026-02-28,Fenchurch Global Asset Management,FGAM-FIN,Fenchurch Financials Sector Fund,Financials Sector,624452876.29,VOD.L,Vodafone Group PLC,equity,Telecommunications,UK,,VOD.L,9195440,0.66,6068990.4,0.9719
2026-03-31,Fenchurch Global Asset Management,FGAM-FIN,Fenchurch Financials Sector Fund,Financials Sector,634703768.22,VOD.L,Vodafone Group PLC,equity,Telecommunications,UK,,VOD.L,9143474,0.65,5943258.1,0.9364
2026-04-30,Fenchurch Global Asset Management,FGAM-FIN,Fenchurch Financials Sector Fund,Financials Sector,629896421.29,VOD.L,Vodafone Group PLC,equity,Telecommunications,UK,,VOD.L,9005229,0.66,5943451.14,0.9436
2026-05-31,Fenchurch Global Asset Management,FGAM-FIN,Fenchurch Financials Sector Fund,Financials Sector,628212324.72,VOD.L,Vodafone Group PLC,equity,Telecommunications,UK,,VOD.L,9068743,0.69,6257432.67,0.9961
2026-06-30,Fenchurch Global Asset Management,FGAM-FIN,Fenchurch Financials Sector Fund,Financials Sector,616956400.61,VOD.L,Vodafone Group PLC,equity,Telecommunications,UK,,VOD.L,9091985,0.64,5818870.4,0.9432
2026-07-31,Fenchurch Global Asset Management,FGAM-FIN,Fenchurch Financials Sector Fund,Financials Sector,624937281.33,VOD.L,Vodafone Group PLC,equity,Telecommunications,UK,,VOD.L,8930676,0.7,6251473.2,1.0003
2026-08-31,Fenchurch Global Asset Management,FGAM-FIN,Fenchurch Financials Sector Fund,Financials Sector,609869596.66,VOD.L,Vodafone Group PLC,equity,Telecommunications,UK,,VOD.L,8797032,0.69,6069952.08,0.9953
2026-09-30,Fenchurch Global Asset Management,FGAM-FIN,Fenchurch Financials Sector Fund,Financials Sector,601432983.03,VOD.L,Vodafone Group PLC,equity,Telecommunications,UK,,VOD.L,8862570,0.67,5937921.9,0.9873
2025-10-31,Fenchurch Global Asset Management,FGAM-GEQ,Fenchurch Global Equity Fund,Global Equity,949733380.49,AAPL,Apple Inc,equity,Technology,US,,AAPL,434203,191.35,83084744.05,8.7482
2025-11-30,Fenchurch Global Asset Management,FGAM-GEQ,Fenchurch Global Equity Fund,Global Equity,966997805.93,AAPL,Apple Inc,equity,Technology,US,,AAPL,445126,200.11,89074163.86,9.2114
2025-12-31,Fenchurch Global Asset Management,FGAM-GEQ,Fenchurch Global Equity Fund,Global Equity,960393281.8,AAPL,Apple Inc,equity,Technology,US,,AAPL,457324,198.48,90769667.52,9.4513
2026-01-31,Fenchurch Global Asset Management,FGAM-GEQ,Fenchurch Global Equity Fund,Global Equity,944663270.84,AAPL,Apple Inc,equity,Technology,US,,AAPL,460951,176.64,81422384.64,8.6192
2026-02-28,Fenchurch Global Asset Management,FGAM-GEQ,Fenchurch Global Equity Fund,Global Equity,946545177.63,AAPL,Apple Inc,equity,Technology,US,,AAPL,461962,220.55,101885719.1,10.764
2026-03-31,Fenchurch Global Asset Management,FGAM-GEQ,Fenchurch Global Equity Fund,Global Equity,937193328.92,AAPL,Apple Inc,equity,Technology,US,,AAPL,454201,202.9,92157382.9,9.8333
2026-04-30,Fenchurch Global Asset Management,FGAM-GEQ,Fenchurch Global Equity Fund,Global Equity,946535431.64,AAPL,Apple Inc,equity,Technology,US,,AAPL,459312,239.2,109867430.4,11.6073
2026-05-31,Fenchurch Global Asset Management,FGAM-GEQ,Fenchurch Global Equity Fund,Global Equity,928484981.66,AAPL,Apple Inc,equity,Technology,US,,AAPL,449441,193.31,86881439.71,9.3573
2026-06-30,Fenchurch Global Asset Management,FGAM-GEQ,Fenchurch Global Equity Fund,Global Equity,915442437.31,AAPL,Apple Inc,equity,Technology,US,,AAPL,448649,196.55,88181960.95,9.6327
2026-07-31,Fenchurch Global Asset Management,FGAM-GEQ,Fenchurch Global Equity Fund,Global Equity,946349334.94,AAPL,Apple Inc,equity,Technology,US,,AAPL,458383,195.82,89760559.06,9.4849
2026-08-31,Fenchurch Global Asset Management,FGAM-GEQ,Fenchurch Global Equity Fund,Global Equity,982086169.92,AAPL,Apple Inc,equity,Technology,US,,AAPL,454582,236.2,107372268.4,10.9331
2026-09-30,Fenchurch Global Asset Management,FGAM-GEQ,Fenchurch Global Equity Fund,Global Equity,992655736.03,AAPL,Apple Inc,equity,Technology,US,,AAPL,451550,247.91,111943760.5,11.2772
2025-10-31,Fenchurch Global Asset Management,FGAM-GEQ,Fenchurch Global Equity Fund,Global Equity,949733380.49,MSFT,Microsoft Corp,equity,Technology,US,,MSFT,207849,411.82,85596375.18,9.0127
2025-11-30,Fenchurch Global Asset Management,FGAM-GEQ,Fenchurch Global Equity Fund,Global Equity,966997805.93,MSFT,Microsoft Corp,equity,Technology,US,,MSFT,208295,390.65,81370441.75,8.4147
2025-12-31,Fenchurch Global Asset Management,FGAM-GEQ,Fenchurch Global Equity Fund,Global Equity,960393281.8,MSFT,Microsoft Corp,equity,Technology,US,,MSFT,205919,360.76,74287338.44,7.7351
2026-01-31,Fenchurch Global Asset Management,FGAM-GEQ,Fenchurch Global Equity Fund,Global Equity,944663270.84,MSFT,Microsoft Corp,equity,Technology,US,,MSFT,208176,373.07,77664220.32,8.2214
2026-02-28,Fenchurch Global Asset Management,FGAM-GEQ,Fenchurch Global Equity Fund,Global Equity,946545177.63,MSFT,Microsoft Corp,equity,Technology,US,,MSFT,218586,352.73,77101839.78,8.1456
2026-03-31,Fenchurch Global Asset Management,FGAM-GEQ,Fenchurch Global Equity Fund,Global Equity,937193328.92,MSFT,Microsoft Corp,equity,Technology,US,,MSFT,221275,351.08,77685227.0,8.2891
2026-04-30,Fenchurch Global Asset Management,FGAM-GEQ,Fenchurch Global Equity Fund,Global Equity,946535431.64,MSFT,Microsoft Corp,equity,Technology,US,,MSFT,223098,351.73,78470259.54,8.2903
2026-05-31,Fenchurch Global Asset Management,FGAM-GEQ,Fenchurch Global Equity Fund,Global Equity,928484981.66,MSFT,Microsoft Corp,equity,Technology,US,,MSFT,222014,379.46,84245432.44,9.0734
2026-06-30,Fenchurch Global Asset Management,FGAM-GEQ,Fenchurch Global Equity Fund,Global Equity,915442437.31,MSFT,Microsoft Corp,equity,Technology,US,,MSFT,221183,394.86,87336319.38,9.5403
2026-07-31,Fenchurch Global Asset Management,FGAM-GEQ,Fenchurch Global Equity Fund,Global Equity,946349334.94,MSFT,Microsoft Corp,equity,Technology,US,,MSFT,226531,444.62,100720213.22,10.643
2026-08-31,Fenchurch Global Asset Management,FGAM-GEQ,Fenchurch Global Equity Fund,Global Equity,982086169.92,MSFT,Microsoft Corp,equity,Technology,US,,MSFT,227325,446.36,101468787.0,10.332
2026-09-30,Fenchurch Global Asset Management,FGAM-GEQ,Fenchurch Global Equity Fund,Global Equity,992655736.03,MSFT,Microsoft Corp,equity,Technology,US,,MSFT,228971,500.44,114586247.24,11.5434
2025-10-31,Fenchurch Global Asset Management,FGAM-GEQ,Fenchurch Global Equity Fund,Global Equity,949733380.49,GOOGL,Alphabet Inc,equity,Technology,US,,GOOGL,555311,151.1,83907492.1,8.8348
2025-11-30,Fenchurch Global Asset Management,FGAM-GEQ,Fenchurch Global Equity Fund,Global Equity,966997805.93,GOOGL,Alphabet Inc,equity,Technology,US,,GOOGL,539410,163.9,88409299.0,9.1427
2025-12-31,Fenchurch Global Asset Management,FGAM-GEQ,Fenchurch Global Equity Fund,Global Equity,960393281.8,GOOGL,Alphabet Inc,equity,Technology,US,,GOOGL,531055,166.69,88521557.95,9.2172
2026-01-31,Fenchurch Global Asset Management,FGAM-GEQ,Fenchurch Global Equity Fund,Global Equity,944663270.84,GOOGL,Alphabet Inc,equity,Technology,US,,GOOGL,516318,162.22,83757105.96,8.8663
2026-02-28,Fenchurch Global Asset Management,FGAM-GEQ,Fenchurch Global Equity Fund,Global Equity,946545177.63,GOOGL,Alphabet Inc,equity,Technology,US,,GOOGL,518724,159.4,82684605.6,8.7354
2026-03-31,Fenchurch Global Asset Management,FGAM-GEQ,Fenchurch Global Equity Fund,Global Equity,937193328.92,GOOGL,Alphabet Inc,equity,Technology,US,,GOOGL,513936,163.32,83936027.52,8.9561
2026-04-30,Fenchurch Global Asset Management,FGAM-GEQ,Fenchurch Global Equity Fund,Global Equity,946535431.64,GOOGL,Alphabet Inc,equity,Technology,US,,GOOGL,512827,150.82,77344568.14,8.1713
2026-05-31,Fenchurch Global Asset Management,FGAM-GEQ,Fenchurch Global Equity Fund,Global Equity,928484981.66,GOOGL,Alphabet Inc,equity,Technology,US,,GOOGL,497499,167.93,83545007.07,8.998
2026-06-30,Fenchurch Global Asset Management,FGAM-GEQ,Fenchurch Global Equity Fund,Global Equity,915442437.31,GOOGL,Alphabet Inc,equity,Technology,US,,GOOGL,489389,178.03,87125923.67,9.5174
2026-07-31,Fenchurch Global Asset Management,FGAM-GEQ,Fenchurch Global Equity Fund,Global Equity,946349334.94,GOOGL,Alphabet Inc,equity,Technology,US,,GOOGL,482613,190.78,92072908.14,9.7293
2026-08-31,Fenchurch Global Asset Management,FGAM-GEQ,Fenchurch Global Equity Fund,Global Equity,982086169.92,GOOGL,Alphabet Inc,equity,Technology,US,,GOOGL,500686,207.67,103977461.62,10.5874
2026-09-30,Fenchurch Global Asset Management,FGAM-GEQ,Fenchurch Global Equity Fund,Global Equity,992655736.03,GOOGL,Alphabet Inc,equity,Technology,US,,GOOGL,499890,205.51,102732393.9,10.3492
2025-10-31,Fenchurch Global Asset Management,FGAM-GEQ,Fenchurch Global Equity Fund,Global Equity,949733380.49,JNJ,Johnson & Johnson,equity,Healthcare,US,,JNJ,299204,142.36,42594681.44,4.4849
2025-11-30,Fenchurch Global Asset Management,FGAM-GEQ,Fenchurch Global Equity Fund,Global Equity,966997805.93,JNJ,Johnson & Johnson,equity,Healthcare,US,,JNJ,301854,141.55,42727433.7,4.4186
2025-12-31,Fenchurch Global Asset Management,FGAM-GEQ,Fenchurch Global Equity Fund,Global Equity,960393281.8,JNJ,Johnson & Johnson,equity,Healthcare,US,,JNJ,296632,143.12,42453971.84,4.4205
2026-01-31,Fenchurch Global Asset Management,FGAM-GEQ,Fenchurch Global Equity Fund,Global Equity,944663270.84,JNJ,Johnson & Johnson,equity,Healthcare,US,,JNJ,297965,142.1,42340826.5,4.4821
2026-02-28,Fenchurch Global Asset Management,FGAM-GEQ,Fenchurch Global Equity Fund,Global Equity,946545177.63,JNJ,Johnson & Johnson,equity,Healthcare,US,,JNJ,295784,137.28,40605227.52,4.2898
2026-03-31,Fenchurch Global Asset Management,FGAM-GEQ,Fenchurch Global Equity Fund,Global Equity,937193328.92,JNJ,Johnson & Johnson,equity,Healthcare,US,,JNJ,290034,140.02,40610560.68,4.3332
2026-04-30,Fenchurch Global Asset Management,FGAM-GEQ,Fenchurch Global Equity Fund,Global Equity,946535431.64,JNJ,Johnson & Johnson,equity,Healthcare,US,,JNJ,285473,143.79,41048162.67,4.3367
2026-05-31,Fenchurch Global Asset Management,FGAM-GEQ,Fenchurch Global Equity Fund,Global Equity,928484981.66,JNJ,Johnson & Johnson,equity,Healthcare,US,,JNJ,286708,126.94,36394713.52,3.9198
2026-06-30,Fenchurch Global Asset Management,FGAM-GEQ,Fenchurch Global Equity Fund,Global Equity,915442437.31,JNJ,Johnson & Johnson,equity,Healthcare,US,,JNJ,289084,130.91,37843986.44,4.134
2026-07-31,Fenchurch Global Asset Management,FGAM-GEQ,Fenchurch Global Equity Fund,Global Equity,946349334.94,JNJ,Johnson & Johnson,equity,Healthcare,US,,JNJ,288635,141.56,40859170.6,4.3176
2026-08-31,Fenchurch Global Asset Management,FGAM-GEQ,Fenchurch Global Equity Fund,Global Equity,982086169.92,JNJ,Johnson & Johnson,equity,Healthcare,US,,JNJ,289224,137.38,39733593.12,4.0458
2026-09-30,Fenchurch Global Asset Management,FGAM-GEQ,Fenchurch Global Equity Fund,Global Equity,992655736.03,JNJ,Johnson & Johnson,equity,Healthcare,US,,JNJ,287499,143.59,41281981.41,4.1587
2025-10-31,Fenchurch Global Asset Management,FGAM-GEQ,Fenchurch Global Equity Fund,Global Equity,949733380.49,PG,Procter & Gamble Co,equity,Consumer Staples,US,,PG,257243,165.05,42457957.15,4.4705
2025-11-30,Fenchurch Global Asset Management,FGAM-GEQ,Fenchurch Global Equity Fund,Global Equity,966997805.93,PG,Procter & Gamble Co,equity,Consumer Staples,US,,PG,258435,155.37,40153045.95,4.1523
2025-12-31,Fenchurch Global Asset Management,FGAM-GEQ,Fenchurch Global Equity Fund,Global Equity,960393281.8,PG,Procter & Gamble Co,equity,Consumer Staples,US,,PG,257153,152.09,39110399.77,4.0723
2026-01-31,Fenchurch Global Asset Management,FGAM-GEQ,Fenchurch Global Equity Fund,Global Equity,944663270.84,PG,Procter & Gamble Co,equity,Consumer Staples,US,,PG,259284,158.21,41021321.64,4.3424
2026-02-28,Fenchurch Global Asset Management,FGAM-GEQ,Fenchurch Global Equity Fund,Global Equity,946545177.63,PG,Procter & Gamble Co,equity,Consumer Staples,US,,PG,259931,147.37,38306031.47,4.0469
2026-03-31,Fenchurch Global Asset Management,FGAM-GEQ,Fenchurch Global Equity Fund,Global Equity,937193328.92,PG,Procter & Gamble Co,equity,Consumer Staples,US,,PG,255085,136.24,34752780.4,3.7082
2026-04-30,Fenchurch Global Asset Management,FGAM-GEQ,Fenchurch Global Equity Fund,Global Equity,946535431.64,PG,Procter & Gamble Co,equity,Consumer Staples,US,,PG,254980,151.44,38614171.2,4.0795
2026-05-31,Fenchurch Global Asset Management,FGAM-GEQ,Fenchurch Global Equity Fund,Global Equity,928484981.66,PG,Procter & Gamble Co,equity,Consumer Staples,US,,PG,251263,133.75,33606426.25,3.6195
2026-06-30,Fenchurch Global Asset Management,FGAM-GEQ,Fenchurch Global Equity Fund,Global Equity,915442437.31,PG,Procter & Gamble Co,equity,Consumer Staples,US,,PG,245647,141.6,34783615.2,3.7997
2026-07-31,Fenchurch Global Asset Management,FGAM-GEQ,Fenchurch Global Equity Fund,Global Equity,946349334.94,PG,Procter & Gamble Co,equity,Consumer Staples,US,,PG,247098,144.31,35658712.38,3.768
2026-08-31,Fenchurch Global Asset Management,FGAM-GEQ,Fenchurch Global Equity Fund,Global Equity,982086169.92,PG,Procter & Gamble Co,equity,Consumer Staples,US,,PG,245977,144.41,35521538.57,3.6169
2026-09-30,Fenchurch Global Asset Management,FGAM-GEQ,Fenchurch Global Equity Fund,Global Equity,992655736.03,PG,Procter & Gamble Co,equity,Consumer Staples,US,,PG,246720,145.37,35865686.4,3.6131
2025-10-31,Fenchurch Global Asset Management,FGAM-GEQ,Fenchurch Global Equity Fund,Global Equity,949733380.49,KO,Coca-Cola Co,equity,Consumer Staples,US,,KO,621550,66.76,41494678.0,4.3691
2025-11-30,Fenchurch Global Asset Management,FGAM-GEQ,Fenchurch Global Equity Fund,Global Equity,966997805.93,KO,Coca-Cola Co,equity,Consumer Staples,US,,KO,610612,64.62,39457747.44,4.0804
2025-12-31,Fenchurch Global Asset Management,FGAM-GEQ,Fenchurch Global Equity Fund,Global Equity,960393281.8,KO,Coca-Cola Co,equity,Consumer Staples,US,,KO,604056,63.09,38109893.04,3.9682
2026-01-31,Fenchurch Global Asset Management,FGAM-GEQ,Fenchurch Global Equity Fund,Global Equity,944663270.84,KO,Coca-Cola Co,equity,Consumer Staples,US,,KO,626996,66.41,41638804.36,4.4078
2026-02-28,Fenchurch Global Asset Management,FGAM-GEQ,Fenchurch Global Equity Fund,Global Equity,946545177.63,KO,Coca-Cola Co,equity,Consumer Staples,US,,KO,623647,66.05,41191884.35,4.3518
2026-03-31,Fenchurch Global Asset Management,FGAM-GEQ,Fenchurch Global Equity Fund,Global Equity,937193328.92,KO,Coca-Cola Co,equity,Consumer Staples,US,,KO,617601,64.47,39816736.47,4.2485
2026-04-30,Fenchurch Global Asset Management,FGAM-GEQ,Fenchurch Global Equity Fund,Global Equity,946535431.64,KO,Coca-Cola Co,equity,Consumer Staples,US,,KO,620700,68.16,42306912.0,4.4697
2026-05-31,Fenchurch Global Asset Management,FGAM-GEQ,Fenchurch Global Equity Fund,Global Equity,928484981.66,KO,Coca-Cola Co,equity,Consumer Staples,US,,KO,619833,65.8,40785011.4,4.3926
2026-06-30,Fenchurch Global Asset Management,FGAM-GEQ,Fenchurch Global Equity Fund,Global Equity,915442437.31,KO,Coca-Cola Co,equity,Consumer Staples,US,,KO,616438,63.17,38940388.46,4.2537
2026-07-31,Fenchurch Global Asset Management,FGAM-GEQ,Fenchurch Global Equity Fund,Global Equity,946349334.94,KO,Coca-Cola Co,equity,Consumer Staples,US,,KO,610391,62.0,37844242.0,3.999
2026-08-31,Fenchurch Global Asset Management,FGAM-GEQ,Fenchurch Global Equity Fund,Global Equity,982086169.92,KO,Coca-Cola Co,equity,Consumer Staples,US,,KO,610563,59.52,36340709.76,3.7004
2026-09-30,Fenchurch Global Asset Management,FGAM-GEQ,Fenchurch Global Equity Fund,Global Equity,992655736.03,KO,Coca-Cola Co,equity,Consumer Staples,US,,KO,612423,60.83,37253691.09,3.7529
2025-10-31,Fenchurch Global Asset Management,FGAM-GEQ,Fenchurch Global Equity Fund,Global Equity,949733380.49,AZN,AstraZeneca PLC,equity,Healthcare,UK,,AZN,317031,133.01,42168293.31,4.44
2025-11-30,Fenchurch Global Asset Management,FGAM-GEQ,Fenchurch Global Equity Fund,Global Equity,966997805.93,AZN,AstraZeneca PLC,equity,Healthcare,UK,,AZN,322876,142.25,45929111.0,4.7497
2025-12-31,Fenchurch Global Asset Management,FGAM-GEQ,Fenchurch Global Equity Fund,Global Equity,960393281.8,AZN,AstraZeneca PLC,equity,Healthcare,UK,,AZN,326608,142.41,46512245.28,4.843
2026-01-31,Fenchurch Global Asset Management,FGAM-GEQ,Fenchurch Global Equity Fund,Global Equity,944663270.84,AZN,AstraZeneca PLC,equity,Healthcare,UK,,AZN,320116,136.3,43631810.8,4.6188
2026-02-28,Fenchurch Global Asset Management,FGAM-GEQ,Fenchurch Global Equity Fund,Global Equity,946545177.63,AZN,AstraZeneca PLC,equity,Healthcare,UK,,AZN,326049,135.51,44182899.99,4.6678
2026-03-31,Fenchurch Global Asset Management,FGAM-GEQ,Fenchurch Global Equity Fund,Global Equity,937193328.92,AZN,AstraZeneca PLC,equity,Healthcare,UK,,AZN,320278,124.69,39935463.82,4.2612
2026-04-30,Fenchurch Global Asset Management,FGAM-GEQ,Fenchurch Global Equity Fund,Global Equity,946535431.64,AZN,AstraZeneca PLC,equity,Healthcare,UK,,AZN,325229,114.95,37385073.55,3.9497
2026-05-31,Fenchurch Global Asset Management,FGAM-GEQ,Fenchurch Global Equity Fund,Global Equity,928484981.66,AZN,AstraZeneca PLC,equity,Healthcare,UK,,AZN,319914,120.32,38492052.48,4.1457
2026-06-30,Fenchurch Global Asset Management,FGAM-GEQ,Fenchurch Global Equity Fund,Global Equity,915442437.31,AZN,AstraZeneca PLC,equity,Healthcare,UK,,AZN,323302,109.3,35336908.6,3.8601
2026-07-31,Fenchurch Global Asset Management,FGAM-GEQ,Fenchurch Global Equity Fund,Global Equity,946349334.94,AZN,AstraZeneca PLC,equity,Healthcare,UK,,AZN,322711,98.53,31796714.83,3.3599
2026-08-31,Fenchurch Global Asset Management,FGAM-GEQ,Fenchurch Global Equity Fund,Global Equity,982086169.92,AZN,AstraZeneca PLC,equity,Healthcare,UK,,AZN,317906,101.36,32222952.16,3.2811
2026-09-30,Fenchurch Global Asset Management,FGAM-GEQ,Fenchurch Global Equity Fund,Global Equity,992655736.03,AZN,AstraZeneca PLC,equity,Healthcare,UK,,AZN,326687,102.12,33361276.44,3.3608
2025-10-31,Fenchurch Global Asset Management,FGAM-GEQ,Fenchurch Global Equity Fund,Global Equity,949733380.49,SIE,Siemens AG,equity,Industrials,Germany,,SIE,215551,192.94,41588409.94,4.379
2025-11-30,Fenchurch Global Asset Management,FGAM-GEQ,Fenchurch Global Equity Fund,Global Equity,966997805.93,SIE,Siemens AG,equity,Industrials,Germany,,SIE,222739,186.13,41458410.07,4.2873
2025-12-31,Fenchurch Global Asset Management,FGAM-GEQ,Fenchurch Global Equity Fund,Global Equity,960393281.8,SIE,Siemens AG,equity,Industrials,Germany,,SIE,227553,186.13,42354439.89,4.4101
2026-01-31,Fenchurch Global Asset Management,FGAM-GEQ,Fenchurch Global Equity Fund,Global Equity,944663270.84,SIE,Siemens AG,equity,Industrials,Germany,,SIE,229783,175.55,40338405.65,4.2701
2026-02-28,Fenchurch Global Asset Management,FGAM-GEQ,Fenchurch Global Equity Fund,Global Equity,946545177.63,SIE,Siemens AG,equity,Industrials,Germany,,SIE,225400,187.6,42285040.0,4.4673
2026-03-31,Fenchurch Global Asset Management,FGAM-GEQ,Fenchurch Global Equity Fund,Global Equity,937193328.92,SIE,Siemens AG,equity,Industrials,Germany,,SIE,222617,187.86,41820829.62,4.4623
2026-04-30,Fenchurch Global Asset Management,FGAM-GEQ,Fenchurch Global Equity Fund,Global Equity,946535431.64,SIE,Siemens AG,equity,Industrials,Germany,,SIE,220107,188.44,41476963.08,4.382
2026-05-31,Fenchurch Global Asset Management,FGAM-GEQ,Fenchurch Global Equity Fund,Global Equity,928484981.66,SIE,Siemens AG,equity,Industrials,Germany,,SIE,213495,175.21,37406458.95,4.0288
2026-06-30,Fenchurch Global Asset Management,FGAM-GEQ,Fenchurch Global Equity Fund,Global Equity,915442437.31,SIE,Siemens AG,equity,Industrials,Germany,,SIE,212237,162.1,34403617.7,3.7581
2026-07-31,Fenchurch Global Asset Management,FGAM-GEQ,Fenchurch Global Equity Fund,Global Equity,946349334.94,SIE,Siemens AG,equity,Industrials,Germany,,SIE,212922,159.02,33858856.44,3.5778
2026-08-31,Fenchurch Global Asset Management,FGAM-GEQ,Fenchurch Global Equity Fund,Global Equity,982086169.92,SIE,Siemens AG,equity,Industrials,Germany,,SIE,215681,164.55,35490308.55,3.6138
2026-09-30,Fenchurch Global Asset Management,FGAM-GEQ,Fenchurch Global Equity Fund,Global Equity,992655736.03,SIE,Siemens AG,equity,Industrials,Germany,,SIE,217719,146.08,31804391.52,3.204
2025-10-31,Fenchurch Global Asset Management,FGAM-GEQ,Fenchurch Global Equity Fund,Global Equity,949733380.49,CAT,Caterpillar Inc,equity,Industrials,US,,CAT,130575,327.08,42708471.0,4.4969
2025-11-30,Fenchurch Global Asset Management,FGAM-GEQ,Fenchurch Global Equity Fund,Global Equity,966997805.93,CAT,Caterpillar Inc,equity,Industrials,US,,CAT,131866,374.18,49341619.88,5.1026
2025-12-31,Fenchurch Global Asset Management,FGAM-GEQ,Fenchurch Global Equity Fund,Global Equity,960393281.8,CAT,Caterpillar Inc,equity,Industrials,US,,CAT,130554,344.73,45005880.42,4.6862
2026-01-31,Fenchurch Global Asset Management,FGAM-GEQ,Fenchurch Global Equity Fund,Global Equity,944663270.84,CAT,Caterpillar Inc,equity,Industrials,US,,CAT,127694,328.37,41930878.78,4.4387
2026-02-28,Fenchurch Global Asset Management,FGAM-GEQ,Fenchurch Global Equity Fund,Global Equity,946545177.63,CAT,Caterpillar Inc,equity,Industrials,US,,CAT,129201,327.11,42262939.11,4.465
2026-03-31,Fenchurch Global Asset Management,FGAM-GEQ,Fenchurch Global Equity Fund,Global Equity,937193328.92,CAT,Caterpillar Inc,equity,Industrials,US,,CAT,127870,290.93,37201219.1,3.9694
2026-04-30,Fenchurch Global Asset Management,FGAM-GEQ,Fenchurch Global Equity Fund,Global Equity,946535431.64,CAT,Caterpillar Inc,equity,Industrials,US,,CAT,128554,269.8,34683869.2,3.6643
2026-05-31,Fenchurch Global Asset Management,FGAM-GEQ,Fenchurch Global Equity Fund,Global Equity,928484981.66,CAT,Caterpillar Inc,equity,Industrials,US,,CAT,127815,289.23,36967932.45,3.9815
2026-06-30,Fenchurch Global Asset Management,FGAM-GEQ,Fenchurch Global Equity Fund,Global Equity,915442437.31,CAT,Caterpillar Inc,equity,Industrials,US,,CAT,131920,285.36,37644691.2,4.1122
2026-07-31,Fenchurch Global Asset Management,FGAM-GEQ,Fenchurch Global Equity Fund,Global Equity,946349334.94,CAT,Caterpillar Inc,equity,Industrials,US,,CAT,135724,320.94,43559260.56,4.6029
2026-08-31,Fenchurch Global Asset Management,FGAM-GEQ,Fenchurch Global Equity Fund,Global Equity,982086169.92,CAT,Caterpillar Inc,equity,Industrials,US,,CAT,135339,330.71,44757960.69,4.5574
2026-09-30,Fenchurch Global Asset Management,FGAM-GEQ,Fenchurch Global Equity Fund,Global Equity,992655736.03,CAT,Caterpillar Inc,equity,Industrials,US,,CAT,133831,317.6,42504725.6,4.2819
2025-10-31,Fenchurch Global Asset Management,FGAM-GEQ,Fenchurch Global Equity Fund,Global Equity,949733380.49,NESN,Nestle SA,equity,Consumer Staples,Switzerland,,NESN,429436,98.32,42222147.52,4.4457
2025-11-30,Fenchurch Global Asset Management,FGAM-GEQ,Fenchurch Global Equity Fund,Global Equity,966997805.93,NESN,Nestle SA,equity,Consumer Staples,Switzerland,,NESN,425631,100.19,42643969.89,4.4099
2025-12-31,Fenchurch Global Asset Management,FGAM-GEQ,Fenchurch Global Equity Fund,Global Equity,960393281.8,NESN,Nestle SA,equity,Consumer Staples,Switzerland,,NESN,436786,90.73,39629593.78,4.1264
2026-01-31,Fenchurch Global Asset Management,FGAM-GEQ,Fenchurch Global Equity Fund,Global Equity,944663270.84,NESN,Nestle SA,equity,Consumer Staples,Switzerland,,NESN,426297,97.09,41389175.73,4.3814
2026-02-28,Fenchurch Global Asset Management,FGAM-GEQ,Fenchurch Global Equity Fund,Global Equity,946545177.63,NESN,Nestle SA,equity,Consumer Staples,Switzerland,,NESN,424423,92.39,39212440.97,4.1427
2026-03-31,Fenchurch Global Asset Management,FGAM-GEQ,Fenchurch Global Equity Fund,Global Equity,937193328.92,NESN,Nestle SA,equity,Consumer Staples,Switzerland,,NESN,435397,93.74,40814114.78,4.3549
2026-04-30,Fenchurch Global Asset Management,FGAM-GEQ,Fenchurch Global Equity Fund,Global Equity,946535431.64,NESN,Nestle SA,equity,Consumer Staples,Switzerland,,NESN,432987,88.97,38522853.39,4.0699
2026-05-31,Fenchurch Global Asset Management,FGAM-GEQ,Fenchurch Global Equity Fund,Global Equity,928484981.66,NESN,Nestle SA,equity,Consumer Staples,Switzerland,,NESN,423429,95.29,40348549.41,4.3456
2026-06-30,Fenchurch Global Asset Management,FGAM-GEQ,Fenchurch Global Equity Fund,Global Equity,915442437.31,NESN,Nestle SA,equity,Consumer Staples,Switzerland,,NESN,425741,89.38,38052730.58,4.1568
2026-07-31,Fenchurch Global Asset Management,FGAM-GEQ,Fenchurch Global Equity Fund,Global Equity,946349334.94,NESN,Nestle SA,equity,Consumer Staples,Switzerland,,NESN,432701,90.76,39271942.76,4.1498
2026-08-31,Fenchurch Global Asset Management,FGAM-GEQ,Fenchurch Global Equity Fund,Global Equity,982086169.92,NESN,Nestle SA,equity,Consumer Staples,Switzerland,,NESN,431480,91.48,39471790.4,4.0192
2026-09-30,Fenchurch Global Asset Management,FGAM-GEQ,Fenchurch Global Equity Fund,Global Equity,992655736.03,NESN,Nestle SA,equity,Consumer Staples,Switzerland,,NESN,436022,89.32,38945485.04,3.9234
2025-10-31,Fenchurch Global Asset Management,FGAM-GEQ,Fenchurch Global Equity Fund,Global Equity,949733380.49,DGE,Diageo PLC,equity,Consumer Staples,UK,,DGE,1612997,25.85,41695972.45,4.3903
2025-11-30,Fenchurch Global Asset Management,FGAM-GEQ,Fenchurch Global Equity Fund,Global Equity,966997805.93,DGE,Diageo PLC,equity,Consumer Staples,UK,,DGE,1647254,24.75,40769536.5,4.2161
2025-12-31,Fenchurch Global Asset Management,FGAM-GEQ,Fenchurch Global Equity Fund,Global Equity,960393281.8,DGE,Diageo PLC,equity,Consumer Staples,UK,,DGE,1625965,25.62,41657223.3,4.3375
2026-01-31,Fenchurch Global Asset Management,FGAM-GEQ,Fenchurch Global Equity Fund,Global Equity,944663270.84,DGE,Diageo PLC,equity,Consumer Staples,UK,,DGE,1616758,26.11,42213551.38,4.4686
2026-02-28,Fenchurch Global Asset Management,FGAM-GEQ,Fenchurch Global Equity Fund,Global Equity,946545177.63,DGE,Diageo PLC,equity,Consumer Staples,UK,,DGE,1588945,26.61,42281826.45,4.467
2026-03-31,Fenchurch Global Asset Management,FGAM-GEQ,Fenchurch Global Equity Fund,Global Equity,937193328.92,DGE,Diageo PLC,equity,Consumer Staples,UK,,DGE,1603371,29.29,46962736.59,5.011
2026-04-30,Fenchurch Global Asset Management,FGAM-GEQ,Fenchurch Global Equity Fund,Global Equity,946535431.64,DGE,Diageo PLC,equity,Consumer Staples,UK,,DGE,1578838,30.53,48201924.14,5.0925
2026-05-31,Fenchurch Global Asset Management,FGAM-GEQ,Fenchurch Global Equity Fund,Global Equity,928484981.66,DGE,Diageo PLC,equity,Consumer Staples,UK,,DGE,1569874,31.6,49608018.4,5.3429
2026-06-30,Fenchurch Global Asset Management,FGAM-GEQ,Fenchurch Global Equity Fund,Global Equity,915442437.31,DGE,Diageo PLC,equity,Consumer Staples,UK,,DGE,1563119,30.93,48347270.67,5.2813
2026-07-31,Fenchurch Global Asset Management,FGAM-GEQ,Fenchurch Global Equity Fund,Global Equity,946349334.94,DGE,Diageo PLC,equity,Consumer Staples,UK,,DGE,1570899,28.45,44692076.55,4.7226
2026-08-31,Fenchurch Global Asset Management,FGAM-GEQ,Fenchurch Global Equity Fund,Global Equity,982086169.92,DGE,Diageo PLC,equity,Consumer Staples,UK,,DGE,1555371,29.43,45774568.53,4.661
2026-09-30,Fenchurch Global Asset Management,FGAM-GEQ,Fenchurch Global Equity Fund,Global Equity,992655736.03,DGE,Diageo PLC,equity,Consumer Staples,UK,,DGE,1577476,29.07,45857227.32,4.6197
2025-10-31,Fenchurch Global Asset Management,FGAM-GEQ,Fenchurch Global Equity Fund,Global Equity,949733380.49,ULVR,Unilever PLC,equity,Consumer Staples,UK,,ULVR,969385,43.7,42362124.5,4.4604
2025-11-30,Fenchurch Global Asset Management,FGAM-GEQ,Fenchurch Global Equity Fund,Global Equity,966997805.93,ULVR,Unilever PLC,equity,Consumer Staples,UK,,ULVR,988630,45.16,44646530.8,4.617
2025-12-31,Fenchurch Global Asset Management,FGAM-GEQ,Fenchurch Global Equity Fund,Global Equity,960393281.8,ULVR,Unilever PLC,equity,Consumer Staples,UK,,ULVR,1004091,42.56,42734112.96,4.4496
2026-01-31,Fenchurch Global Asset Management,FGAM-GEQ,Fenchurch Global Equity Fund,Global Equity,944663270.84,ULVR,Unilever PLC,equity,Consumer Staples,UK,,ULVR,979046,41.93,41051398.78,4.3456
2026-02-28,Fenchurch Global Asset Management,FGAM-GEQ,Fenchurch Global Equity Fund,Global Equity,946545177.63,ULVR,Unilever PLC,equity,Consumer Staples,UK,,ULVR,1002118,42.6,42690226.8,4.5101
2026-03-31,Fenchurch Global Asset Management,FGAM-GEQ,Fenchurch Global Equity Fund,Global Equity,937193328.92,ULVR,Unilever PLC,equity,Consumer Staples,UK,,ULVR,1026713,42.82,43963850.66,4.691
2026-04-30,Fenchurch Global Asset Management,FGAM-GEQ,Fenchurch Global Equity Fund,Global Equity,946535431.64,ULVR,Unilever PLC,equity,Consumer Staples,UK,,ULVR,1033099,41.97,43359165.03,4.5808
2026-05-31,Fenchurch Global Asset Management,FGAM-GEQ,Fenchurch Global Equity Fund,Global Equity,928484981.66,ULVR,Unilever PLC,equity,Consumer Staples,UK,,ULVR,1026906,43.89,45070904.34,4.8542
2026-06-30,Fenchurch Global Asset Management,FGAM-GEQ,Fenchurch Global Equity Fund,Global Equity,915442437.31,ULVR,Unilever PLC,equity,Consumer Staples,UK,,ULVR,1024546,43.59,44659960.14,4.8785
2026-07-31,Fenchurch Global Asset Management,FGAM-GEQ,Fenchurch Global Equity Fund,Global Equity,946349334.94,ULVR,Unilever PLC,equity,Consumer Staples,UK,,ULVR,1006115,47.03,47317588.45,5.0
2026-08-31,Fenchurch Global Asset Management,FGAM-GEQ,Fenchurch Global Equity Fund,Global Equity,982086169.92,ULVR,Unilever PLC,equity,Consumer Staples,UK,,ULVR,987999,47.15,46584152.85,4.7434
2026-09-30,Fenchurch Global Asset Management,FGAM-GEQ,Fenchurch Global Equity Fund,Global Equity,992655736.03,ULVR,Unilever PLC,equity,Consumer Staples,UK,,ULVR,995027,48.21,47970251.67,4.8325
2025-10-31,Fenchurch Global Asset Management,FGAM-GEQ,Fenchurch Global Equity Fund,Global Equity,949733380.49,SHEL,Shell PLC,equity,Energy,UK,,SHEL,1637059,26.27,43005539.93,4.5282
2025-11-30,Fenchurch Global Asset Management,FGAM-GEQ,Fenchurch Global Equity Fund,Global Equity,966997805.93,SHEL,Shell PLC,equity,Energy,UK,,SHEL,1661058,27.42,45546210.36,4.7101
2025-12-31,Fenchurch Global Asset Management,FGAM-GEQ,Fenchurch Global Equity Fund,Global Equity,960393281.8,SHEL,Shell PLC,equity,Energy,UK,,SHEL,1658955,30.31,50282926.05,5.2357
2026-01-31,Fenchurch Global Asset Management,FGAM-GEQ,Fenchurch Global Equity Fund,Global Equity,944663270.84,SHEL,Shell PLC,equity,Energy,UK,,SHEL,1659360,26.79,44454254.4,4.7058
2026-02-28,Fenchurch Global Asset Management,FGAM-GEQ,Fenchurch Global Equity Fund,Global Equity,946545177.63,SHEL,Shell PLC,equity,Energy,UK,,SHEL,1658443,26.92,44645285.56,4.7167
2026-03-31,Fenchurch Global Asset Management,FGAM-GEQ,Fenchurch Global Equity Fund,Global Equity,937193328.92,SHEL,Shell PLC,equity,Energy,UK,,SHEL,1644597,23.12,38023082.64,4.0571
2026-04-30,Fenchurch Global Asset Management,FGAM-GEQ,Fenchurch Global Equity Fund,Global Equity,946535431.64,SHEL,Shell PLC,equity,Energy,UK,,SHEL,1635434,25.67,41981590.78,4.4353
2026-05-31,Fenchurch Global Asset Management,FGAM-GEQ,Fenchurch Global Equity Fund,Global Equity,928484981.66,SHEL,Shell PLC,equity,Energy,UK,,SHEL,1662361,25.66,42656183.26,4.5942
2026-06-30,Fenchurch Global Asset Management,FGAM-GEQ,Fenchurch Global Equity Fund,Global Equity,915442437.31,SHEL,Shell PLC,equity,Energy,UK,,SHEL,1688031,21.85,36883477.35,4.029
2026-07-31,Fenchurch Global Asset Management,FGAM-GEQ,Fenchurch Global Equity Fund,Global Equity,946349334.94,SHEL,Shell PLC,equity,Energy,UK,,SHEL,1633402,20.55,33566411.1,3.5469
2026-08-31,Fenchurch Global Asset Management,FGAM-GEQ,Fenchurch Global Equity Fund,Global Equity,982086169.92,SHEL,Shell PLC,equity,Energy,UK,,SHEL,1651732,23.03,38039387.96,3.8733
2026-09-30,Fenchurch Global Asset Management,FGAM-GEQ,Fenchurch Global Equity Fund,Global Equity,992655736.03,SHEL,Shell PLC,equity,Energy,UK,,SHEL,1643280,19.7,32372616.0,3.2612
2025-10-31,Fenchurch Global Asset Management,FGAM-GEQ,Fenchurch Global Equity Fund,Global Equity,949733380.49,TTE,TotalEnergies SE,equity,Energy,France,,TTE,664647,62.8,41739831.6,4.3949
2025-11-30,Fenchurch Global Asset Management,FGAM-GEQ,Fenchurch Global Equity Fund,Global Equity,966997805.93,TTE,TotalEnergies SE,equity,Energy,France,,TTE,660382,65.14,43017283.48,4.4485
2025-12-31,Fenchurch Global Asset Management,FGAM-GEQ,Fenchurch Global Equity Fund,Global Equity,960393281.8,TTE,TotalEnergies SE,equity,Energy,France,,TTE,672703,63.36,42622462.08,4.438
2026-01-31,Fenchurch Global Asset Management,FGAM-GEQ,Fenchurch Global Equity Fund,Global Equity,944663270.84,TTE,TotalEnergies SE,equity,Energy,France,,TTE,670290,62.88,42147835.2,4.4617
2026-02-28,Fenchurch Global Asset Management,FGAM-GEQ,Fenchurch Global Equity Fund,Global Equity,946545177.63,TTE,TotalEnergies SE,equity,Energy,France,,TTE,677739,52.99,35913389.61,3.7942
2026-03-31,Fenchurch Global Asset Management,FGAM-GEQ,Fenchurch Global Equity Fund,Global Equity,937193328.92,TTE,TotalEnergies SE,equity,Energy,France,,TTE,688478,57.18,39367172.04,4.2005
2026-04-30,Fenchurch Global Asset Management,FGAM-GEQ,Fenchurch Global Equity Fund,Global Equity,946535431.64,TTE,TotalEnergies SE,equity,Energy,France,,TTE,674939,60.21,40638077.19,4.2933
2026-05-31,Fenchurch Global Asset Management,FGAM-GEQ,Fenchurch Global Equity Fund,Global Equity,928484981.66,TTE,TotalEnergies SE,equity,Energy,France,,TTE,676054,49.2,33261856.8,3.5824
2026-06-30,Fenchurch Global Asset Management,FGAM-GEQ,Fenchurch Global Equity Fund,Global Equity,915442437.31,TTE,TotalEnergies SE,equity,Energy,France,,TTE,653894,46.62,30484538.28,3.33
2026-07-31,Fenchurch Global Asset Management,FGAM-GEQ,Fenchurch Global Equity Fund,Global Equity,946349334.94,TTE,TotalEnergies SE,equity,Energy,France,,TTE,656347,44.33,29095862.51,3.0745
2026-08-31,Fenchurch Global Asset Management,FGAM-GEQ,Fenchurch Global Equity Fund,Global Equity,982086169.92,TTE,TotalEnergies SE,equity,Energy,France,,TTE,642881,43.82,28171045.42,2.8685
2026-09-30,Fenchurch Global Asset Management,FGAM-GEQ,Fenchurch Global Equity Fund,Global Equity,992655736.03,TTE,TotalEnergies SE,equity,Energy,France,,TTE,644357,47.12,30362101.84,3.0587
2025-10-31,Fenchurch Global Asset Management,FGAM-GEQ,Fenchurch Global Equity Fund,Global Equity,949733380.49,ROG,Roche Holding AG,equity,Healthcare,Switzerland,,ROG,159213,255.5,40678921.5,4.2832
2025-11-30,Fenchurch Global Asset Management,FGAM-GEQ,Fenchurch Global Equity Fund,Global Equity,966997805.93,ROG,Roche Holding AG,equity,Healthcare,Switzerland,,ROG,156345,243.82,38120037.9,3.9421
2025-12-31,Fenchurch Global Asset Management,FGAM-GEQ,Fenchurch Global Equity Fund,Global Equity,960393281.8,ROG,Roche Holding AG,equity,Healthcare,Switzerland,,ROG,161821,241.57,39091098.97,4.0703
2026-01-31,Fenchurch Global Asset Management,FGAM-GEQ,Fenchurch Global Equity Fund,Global Equity,944663270.84,ROG,Roche Holding AG,equity,Healthcare,Switzerland,,ROG,164115,218.48,35855845.2,3.7956
2026-02-28,Fenchurch Global Asset Management,FGAM-GEQ,Fenchurch Global Equity Fund,Global Equity,946545177.63,ROG,Roche Holding AG,equity,Healthcare,Switzerland,,ROG,159598,225.06,35919125.88,3.7948
2026-03-31,Fenchurch Global Asset Management,FGAM-GEQ,Fenchurch Global Equity Fund,Global Equity,937193328.92,ROG,Roche Holding AG,equity,Healthcare,Switzerland,,ROG,158661,228.89,36315916.29,3.875
2026-04-30,Fenchurch Global Asset Management,FGAM-GEQ,Fenchurch Global Equity Fund,Global Equity,946535431.64,ROG,Roche Holding AG,equity,Healthcare,Switzerland,,ROG,158422,238.2,37736120.4,3.9868
2026-05-31,Fenchurch Global Asset Management,FGAM-GEQ,Fenchurch Global Equity Fund,Global Equity,928484981.66,ROG,Roche Holding AG,equity,Healthcare,Switzerland,,ROG,156305,222.18,34727844.9,3.7403
2026-06-30,Fenchurch Global Asset Management,FGAM-GEQ,Fenchurch Global Equity Fund,Global Equity,915442437.31,ROG,Roche Holding AG,equity,Healthcare,Switzerland,,ROG,156968,216.33,33956887.44,3.7093
2026-07-31,Fenchurch Global Asset Management,FGAM-GEQ,Fenchurch Global Equity Fund,Global Equity,946349334.94,ROG,Roche Holding AG,equity,Healthcare,Switzerland,,ROG,156498,222.94,34889664.12,3.6868
2026-08-31,Fenchurch Global Asset Management,FGAM-GEQ,Fenchurch Global Equity Fund,Global Equity,982086169.92,ROG,Roche Holding AG,equity,Healthcare,Switzerland,,ROG,158559,225.2,35707486.8,3.6359
2026-09-30,Fenchurch Global Asset Management,FGAM-GEQ,Fenchurch Global Equity Fund,Global Equity,992655736.03,ROG,Roche Holding AG,equity,Healthcare,Switzerland,,ROG,155461,222.98,34664693.78,3.4921
2025-10-31,Fenchurch Global Asset Management,FGAM-GEQ,Fenchurch Global Equity Fund,Global Equity,949733380.49,SAP,SAP SE,equity,Technology,Germany,,SAP,211201,196.7,41543236.7,4.3742
2025-11-30,Fenchurch Global Asset Management,FGAM-GEQ,Fenchurch Global Equity Fund,Global Equity,966997805.93,SAP,SAP SE,equity,Technology,Germany,,SAP,211371,206.72,43694613.12,4.5186
2025-12-31,Fenchurch Global Asset Management,FGAM-GEQ,Fenchurch Global Equity Fund,Global Equity,960393281.8,SAP,SAP SE,equity,Technology,Germany,,SAP,212118,206.47,43796003.46,4.5602
2026-01-31,Fenchurch Global Asset Management,FGAM-GEQ,Fenchurch Global Equity Fund,Global Equity,944663270.84,SAP,SAP SE,equity,Technology,Germany,,SAP,211150,227.3,47994395.0,5.0806
2026-02-28,Fenchurch Global Asset Management,FGAM-GEQ,Fenchurch Global Equity Fund,Global Equity,946545177.63,SAP,SAP SE,equity,Technology,Germany,,SAP,212276,209.92,44560977.92,4.7077
2026-03-31,Fenchurch Global Asset Management,FGAM-GEQ,Fenchurch Global Equity Fund,Global Equity,937193328.92,SAP,SAP SE,equity,Technology,Germany,,SAP,209603,236.63,49598357.89,5.2922
2026-04-30,Fenchurch Global Asset Management,FGAM-GEQ,Fenchurch Global Equity Fund,Global Equity,946535431.64,SAP,SAP SE,equity,Technology,Germany,,SAP,206214,219.29,45220668.06,4.7775
2026-05-31,Fenchurch Global Asset Management,FGAM-GEQ,Fenchurch Global Equity Fund,Global Equity,928484981.66,SAP,SAP SE,equity,Technology,Germany,,SAP,207292,258.47,53578763.24,5.7706
2026-06-30,Fenchurch Global Asset Management,FGAM-GEQ,Fenchurch Global Equity Fund,Global Equity,915442437.31,SAP,SAP SE,equity,Technology,Germany,,SAP,210032,237.31,49842693.92,5.4447
2026-07-31,Fenchurch Global Asset Management,FGAM-GEQ,Fenchurch Global Equity Fund,Global Equity,946349334.94,SAP,SAP SE,equity,Technology,Germany,,SAP,208182,252.92,52653391.44,5.5638
2026-08-31,Fenchurch Global Asset Management,FGAM-GEQ,Fenchurch Global Equity Fund,Global Equity,982086169.92,SAP,SAP SE,equity,Technology,Germany,,SAP,210682,260.76,54937438.32,5.594
2026-09-30,Fenchurch Global Asset Management,FGAM-GEQ,Fenchurch Global Equity Fund,Global Equity,992655736.03,SAP,SAP SE,equity,Technology,Germany,,SAP,216979,245.83,53339947.57,5.3735
2025-10-31,Fenchurch Global Asset Management,FGAM-GEQ,Fenchurch Global Equity Fund,Global Equity,949733380.49,GEQ.L,Global Equity Index Fund,etf,Diversified,Global,,GEQ.L,75507,556.85,42046072.95,4.4271
2025-11-30,Fenchurch Global Asset Management,FGAM-GEQ,Fenchurch Global Equity Fund,Global Equity,966997805.93,GEQ.L,Global Equity Index Fund,etf,Diversified,Global,,GEQ.L,73251,532.94,39038387.94,4.0371
2025-12-31,Fenchurch Global Asset Management,FGAM-GEQ,Fenchurch Global Equity Fund,Global Equity,960393281.8,GEQ.L,Global Equity Index Fund,etf,Diversified,Global,,GEQ.L,74466,563.68,41974994.88,4.3706
2026-01-31,Fenchurch Global Asset Management,FGAM-GEQ,Fenchurch Global Equity Fund,Global Equity,944663270.84,GEQ.L,Global Equity Index Fund,etf,Diversified,Global,,GEQ.L,73878,539.4,39849793.2,4.2184
2026-02-28,Fenchurch Global Asset Management,FGAM-GEQ,Fenchurch Global Equity Fund,Global Equity,946545177.63,GEQ.L,Global Equity Index Fund,etf,Diversified,Global,,GEQ.L,73718,537.15,39597623.7,4.1834
2026-03-31,Fenchurch Global Asset Management,FGAM-GEQ,Fenchurch Global Equity Fund,Global Equity,937193328.92,GEQ.L,Global Equity Index Fund,etf,Diversified,Global,,GEQ.L,73725,541.68,39935358.0,4.2612
2026-04-30,Fenchurch Global Asset Management,FGAM-GEQ,Fenchurch Global Equity Fund,Global Equity,946535431.64,GEQ.L,Global Equity Index Fund,etf,Diversified,Global,,GEQ.L,72476,512.42,37138151.92,3.9236
2026-05-31,Fenchurch Global Asset Management,FGAM-GEQ,Fenchurch Global Equity Fund,Global Equity,928484981.66,GEQ.L,Global Equity Index Fund,etf,Diversified,Global,,GEQ.L,74318,525.87,39081606.66,4.2092
2026-06-30,Fenchurch Global Asset Management,FGAM-GEQ,Fenchurch Global Equity Fund,Global Equity,915442437.31,GEQ.L,Global Equity Index Fund,etf,Diversified,Global,,GEQ.L,75425,518.68,39121439.0,4.2735
2026-07-31,Fenchurch Global Asset Management,FGAM-GEQ,Fenchurch Global Equity Fund,Global Equity,946349334.94,GEQ.L,Global Equity Index Fund,etf,Diversified,Global,,GEQ.L,75153,534.47,40167023.91,4.2444
2026-08-31,Fenchurch Global Asset Management,FGAM-GEQ,Fenchurch Global Equity Fund,Global Equity,982086169.92,GEQ.L,Global Equity Index Fund,etf,Diversified,Global,,GEQ.L,74196,580.87,43098230.52,4.3884
2026-09-30,Fenchurch Global Asset Management,FGAM-GEQ,Fenchurch Global Equity Fund,Global Equity,992655736.03,GEQ.L,Global Equity Index Fund,etf,Diversified,Global,,GEQ.L,72512,625.98,45391061.76,4.5727
2025-10-31,Fenchurch Global Asset Management,FGAM-GEQ,Fenchurch Global Equity Fund,Global Equity,949733380.49,HSBA.L,HSBC Holdings PLC,equity,Financials,UK,HSBC_HOLDINGS,HSBC_HOLDINGS,17804,685.44,12203573.76,1.2849
2025-11-30,Fenchurch Global Asset Management,FGAM-GEQ,Fenchurch Global Equity Fund,Global Equity,966997805.93,HSBA.L,HSBC Holdings PLC,equity,Financials,UK,HSBC_HOLDINGS,HSBC_HOLDINGS,17950,727.93,13066343.5,1.3512
2025-12-31,Fenchurch Global Asset Management,FGAM-GEQ,Fenchurch Global Equity Fund,Global Equity,960393281.8,HSBA.L,HSBC Holdings PLC,equity,Financials,UK,HSBC_HOLDINGS,HSBC_HOLDINGS,17920,712.8,12773376.0,1.33
2026-01-31,Fenchurch Global Asset Management,FGAM-GEQ,Fenchurch Global Equity Fund,Global Equity,944663270.84,HSBA.L,HSBC Holdings PLC,equity,Financials,UK,HSBC_HOLDINGS,HSBC_HOLDINGS,18093,728.3,13177131.9,1.3949
2026-02-28,Fenchurch Global Asset Management,FGAM-GEQ,Fenchurch Global Equity Fund,Global Equity,946545177.63,HSBA.L,HSBC Holdings PLC,equity,Financials,UK,HSBC_HOLDINGS,HSBC_HOLDINGS,17831,679.91,12123475.21,1.2808
2026-03-31,Fenchurch Global Asset Management,FGAM-GEQ,Fenchurch Global Equity Fund,Global Equity,937193328.92,HSBA.L,HSBC Holdings PLC,equity,Financials,UK,HSBC_HOLDINGS,HSBC_HOLDINGS,17918,698.3,12512139.4,1.3351
2026-04-30,Fenchurch Global Asset Management,FGAM-GEQ,Fenchurch Global Equity Fund,Global Equity,946535431.64,HSBA.L,HSBC Holdings PLC,equity,Financials,UK,HSBC_HOLDINGS,HSBC_HOLDINGS,17809,717.84,12784012.56,1.3506
2026-05-31,Fenchurch Global Asset Management,FGAM-GEQ,Fenchurch Global Equity Fund,Global Equity,928484981.66,HSBA.L,HSBC Holdings PLC,equity,Financials,UK,HSBC_HOLDINGS,HSBC_HOLDINGS,18108,774.17,14018670.36,1.5098
2026-06-30,Fenchurch Global Asset Management,FGAM-GEQ,Fenchurch Global Equity Fund,Global Equity,915442437.31,HSBA.L,HSBC Holdings PLC,equity,Financials,UK,HSBC_HOLDINGS,HSBC_HOLDINGS,18207,772.22,14059809.54,1.5358
2026-07-31,Fenchurch Global Asset Management,FGAM-GEQ,Fenchurch Global Equity Fund,Global Equity,946349334.94,HSBA.L,HSBC Holdings PLC,equity,Financials,UK,HSBC_HOLDINGS,HSBC_HOLDINGS,18170,853.69,15511547.3,1.6391
2026-08-31,Fenchurch Global Asset Management,FGAM-GEQ,Fenchurch Global Equity Fund,Global Equity,982086169.92,HSBA.L,HSBC Holdings PLC,equity,Financials,UK,HSBC_HOLDINGS,HSBC_HOLDINGS,18240,864.71,15772310.4,1.606
2026-09-30,Fenchurch Global Asset Management,FGAM-GEQ,Fenchurch Global Equity Fund,Global Equity,992655736.03,HSBA.L,HSBC Holdings PLC,equity,Financials,UK,HSBC_HOLDINGS,HSBC_HOLDINGS,17691,831.78,14715019.98,1.4824
2025-10-31,Fenchurch Global Asset Management,FGAM-GEQ,Fenchurch Global Equity Fund,Global Equity,949733380.49,BARC.L,Barclays PLC,equity,Financials,UK,BARCLAYS_PLC,BARCLAYS_PLC,60107,196.72,11824249.04,1.245
2025-11-30,Fenchurch Global Asset Management,FGAM-GEQ,Fenchurch Global Equity Fund,Global Equity,966997805.93,BARC.L,Barclays PLC,equity,Financials,UK,BARCLAYS_PLC,BARCLAYS_PLC,59498,204.16,12147111.68,1.2562
2025-12-31,Fenchurch Global Asset Management,FGAM-GEQ,Fenchurch Global Equity Fund,Global Equity,960393281.8,BARC.L,Barclays PLC,equity,Financials,UK,BARCLAYS_PLC,BARCLAYS_PLC,59577,220.53,13138515.81,1.368
2026-01-31,Fenchurch Global Asset Management,FGAM-GEQ,Fenchurch Global Equity Fund,Global Equity,944663270.84,BARC.L,Barclays PLC,equity,Financials,UK,BARCLAYS_PLC,BARCLAYS_PLC,62050,219.18,13600119.0,1.4397
2026-02-28,Fenchurch Global Asset Management,FGAM-GEQ,Fenchurch Global Equity Fund,Global Equity,946545177.63,BARC.L,Barclays PLC,equity,Financials,UK,BARCLAYS_PLC,BARCLAYS_PLC,62656,218.49,13689709.44,1.4463
2026-03-31,Fenchurch Global Asset Management,FGAM-GEQ,Fenchurch Global Equity Fund,Global Equity,937193328.92,BARC.L,Barclays PLC,equity,Financials,UK,BARCLAYS_PLC,BARCLAYS_PLC,62706,225.87,14163404.22,1.5113
2026-04-30,Fenchurch Global Asset Management,FGAM-GEQ,Fenchurch Global Equity Fund,Global Equity,946535431.64,BARC.L,Barclays PLC,equity,Financials,UK,BARCLAYS_PLC,BARCLAYS_PLC,63585,186.63,11866868.55,1.2537
2026-05-31,Fenchurch Global Asset Management,FGAM-GEQ,Fenchurch Global Equity Fund,Global Equity,928484981.66,BARC.L,Barclays PLC,equity,Financials,UK,BARCLAYS_PLC,BARCLAYS_PLC,64689,165.8,10725436.2,1.1552
2026-06-30,Fenchurch Global Asset Management,FGAM-GEQ,Fenchurch Global Equity Fund,Global Equity,915442437.31,BARC.L,Barclays PLC,equity,Financials,UK,BARCLAYS_PLC,BARCLAYS_PLC,64751,170.43,11035512.93,1.2055
2026-07-31,Fenchurch Global Asset Management,FGAM-GEQ,Fenchurch Global Equity Fund,Global Equity,946349334.94,BARC.L,Barclays PLC,equity,Financials,UK,BARCLAYS_PLC,BARCLAYS_PLC,65001,174.31,11330324.31,1.1973
2026-08-31,Fenchurch Global Asset Management,FGAM-GEQ,Fenchurch Global Equity Fund,Global Equity,982086169.92,BARC.L,Barclays PLC,equity,Financials,UK,BARCLAYS_PLC,BARCLAYS_PLC,63841,143.96,9190550.36,0.9358
2026-09-30,Fenchurch Global Asset Management,FGAM-GEQ,Fenchurch Global Equity Fund,Global Equity,992655736.03,BARC.L,Barclays PLC,equity,Financials,UK,BARCLAYS_PLC,BARCLAYS_PLC,65060,144.43,9396615.8,0.9466
2025-10-31,Fenchurch Global Asset Management,FGAM-GEQ,Fenchurch Global Equity Fund,Global Equity,949733380.49,JPM,JPMorgan Chase & Co,equity,Financials,US,,JPM,55983,211.65,11848801.95,1.2476
2025-11-30,Fenchurch Global Asset Management,FGAM-GEQ,Fenchurch Global Equity Fund,Global Equity,966997805.93,JPM,JPMorgan Chase & Co,equity,Financials,US,,JPM,55492,210.08,11657759.36,1.2056
2025-12-31,Fenchurch Global Asset Management,FGAM-GEQ,Fenchurch Global Equity Fund,Global Equity,960393281.8,JPM,JPMorgan Chase & Co,equity,Financials,US,,JPM,56232,192.72,10837031.04,1.1284
2026-01-31,Fenchurch Global Asset Management,FGAM-GEQ,Fenchurch Global Equity Fund,Global Equity,944663270.84,JPM,JPMorgan Chase & Co,equity,Financials,US,,JPM,56197,181.44,10196383.68,1.0794
2026-02-28,Fenchurch Global Asset Management,FGAM-GEQ,Fenchurch Global Equity Fund,Global Equity,946545177.63,JPM,JPMorgan Chase & Co,equity,Financials,US,,JPM,55417,162.37,8998058.29,0.9506
2026-03-31,Fenchurch Global Asset Management,FGAM-GEQ,Fenchurch Global Equity Fund,Global Equity,937193328.92,JPM,JPMorgan Chase & Co,equity,Financials,US,,JPM,54837,160.02,8775016.74,0.9363
2026-04-30,Fenchurch Global Asset Management,FGAM-GEQ,Fenchurch Global Equity Fund,Global Equity,946535431.64,JPM,JPMorgan Chase & Co,equity,Financials,US,,JPM,54288,174.52,9474341.76,1.0009
2026-05-31,Fenchurch Global Asset Management,FGAM-GEQ,Fenchurch Global Equity Fund,Global Equity,928484981.66,JPM,JPMorgan Chase & Co,equity,Financials,US,,JPM,53859,187.83,10116335.97,1.0896
2026-06-30,Fenchurch Global Asset Management,FGAM-GEQ,Fenchurch Global Equity Fund,Global Equity,915442437.31,JPM,JPMorgan Chase & Co,equity,Financials,US,,JPM,53686,185.65,9966805.9,1.0887
2026-07-31,Fenchurch Global Asset Management,FGAM-GEQ,Fenchurch Global Equity Fund,Global Equity,946349334.94,JPM,JPMorgan Chase & Co,equity,Financials,US,,JPM,53354,184.45,9841145.3,1.0399
2026-08-31,Fenchurch Global Asset Management,FGAM-GEQ,Fenchurch Global Equity Fund,Global Equity,982086169.92,JPM,JPMorgan Chase & Co,equity,Financials,US,,JPM,52050,175.52,9135816.0,0.9302
2026-09-30,Fenchurch Global Asset Management,FGAM-GEQ,Fenchurch Global Equity Fund,Global Equity,992655736.03,JPM,JPMorgan Chase & Co,equity,Financials,US,,JPM,51586,168.69,8702042.34,0.8766
2025-10-31,Fenchurch Global Asset Management,FGAM-GEQ,Fenchurch Global Equity Fund,Global Equity,949733380.49,UBSG.SW,UBS Group AG,equity,Financials,Switzerland,,UBSG.SW,472113,25.26,11925574.38,1.2557
2025-11-30,Fenchurch Global Asset Management,FGAM-GEQ,Fenchurch Global Equity Fund,Global Equity,966997805.93,UBSG.SW,UBS Group AG,equity,Financials,Switzerland,,UBSG.SW,470422,23.79,11191339.38,1.1573
2025-12-31,Fenchurch Global Asset Management,FGAM-GEQ,Fenchurch Global Equity Fund,Global Equity,960393281.8,UBSG.SW,UBS Group AG,equity,Financials,Switzerland,,UBSG.SW,474486,25.77,12227504.22,1.2732
2026-01-31,Fenchurch Global Asset Management,FGAM-GEQ,Fenchurch Global Equity Fund,Global Equity,944663270.84,UBSG.SW,UBS Group AG,equity,Financials,Switzerland,,UBSG.SW,467885,27.56,12894910.6,1.365
2026-02-28,Fenchurch Global Asset Management,FGAM-GEQ,Fenchurch Global Equity Fund,Global Equity,946545177.63,UBSG.SW,UBS Group AG,equity,Financials,Switzerland,,UBSG.SW,472828,26.17,12373908.76,1.3073
2026-03-31,Fenchurch Global Asset Management,FGAM-GEQ,Fenchurch Global Equity Fund,Global Equity,937193328.92,UBSG.SW,UBS Group AG,equity,Financials,Switzerland,,UBSG.SW,469571,25.24,11851972.04,1.2646
2026-04-30,Fenchurch Global Asset Management,FGAM-GEQ,Fenchurch Global Equity Fund,Global Equity,946535431.64,UBSG.SW,UBS Group AG,equity,Financials,Switzerland,,UBSG.SW,479807,25.3,12139117.1,1.2825
2026-05-31,Fenchurch Global Asset Management,FGAM-GEQ,Fenchurch Global Equity Fund,Global Equity,928484981.66,UBSG.SW,UBS Group AG,equity,Financials,Switzerland,,UBSG.SW,486435,24.7,12014944.5,1.294
2026-06-30,Fenchurch Global Asset Management,FGAM-GEQ,Fenchurch Global Equity Fund,Global Equity,915442437.31,UBSG.SW,UBS Group AG,equity,Financials,Switzerland,,UBSG.SW,482045,25.69,12383736.05,1.3528
2026-07-31,Fenchurch Global Asset Management,FGAM-GEQ,Fenchurch Global Equity Fund,Global Equity,946349334.94,UBSG.SW,UBS Group AG,equity,Financials,Switzerland,,UBSG.SW,481508,26.93,12967010.44,1.3702
2026-08-31,Fenchurch Global Asset Management,FGAM-GEQ,Fenchurch Global Equity Fund,Global Equity,982086169.92,UBSG.SW,UBS Group AG,equity,Financials,Switzerland,,UBSG.SW,468763,27.22,12759728.86,1.2992
2026-09-30,Fenchurch Global Asset Management,FGAM-GEQ,Fenchurch Global Equity Fund,Global Equity,992655736.03,UBSG.SW,UBS Group AG,equity,Financials,Switzerland,,UBSG.SW,468236,26.6,12455077.6,1.2547
2025-10-31,Fenchurch Global Asset Management,FGAM-GEQ,Fenchurch Global Equity Fund,Global Equity,949733380.49,SONY,Sony Group Corp,equity,Technology,Japan,,SONY,160422,76.76,12313992.72,1.2966
2025-11-30,Fenchurch Global Asset Management,FGAM-GEQ,Fenchurch Global Equity Fund,Global Equity,966997805.93,SONY,Sony Group Corp,equity,Technology,Japan,,SONY,164977,79.2,13066178.4,1.3512
2025-12-31,Fenchurch Global Asset Management,FGAM-GEQ,Fenchurch Global Equity Fund,Global Equity,960393281.8,SONY,Sony Group Corp,equity,Technology,Japan,,SONY,167830,71.28,11962922.4,1.2456
2026-01-31,Fenchurch Global Asset Management,FGAM-GEQ,Fenchurch Global Equity Fund,Global Equity,944663270.84,SONY,Sony Group Corp,equity,Technology,Japan,,SONY,170467,66.84,11394014.28,1.2061
2026-02-28,Fenchurch Global Asset Management,FGAM-GEQ,Fenchurch Global Equity Fund,Global Equity,946545177.63,SONY,Sony Group Corp,equity,Technology,Japan,,SONY,175025,58.48,10235462.0,1.0813
2026-03-31,Fenchurch Global Asset Management,FGAM-GEQ,Fenchurch Global Equity Fund,Global Equity,937193328.92,SONY,Sony Group Corp,equity,Technology,Japan,,SONY,175626,57.12,10031757.12,1.0704
2026-04-30,Fenchurch Global Asset Management,FGAM-GEQ,Fenchurch Global Equity Fund,Global Equity,946535431.64,SONY,Sony Group Corp,equity,Technology,Japan,,SONY,177510,60.13,10673676.3,1.1277
2026-05-31,Fenchurch Global Asset Management,FGAM-GEQ,Fenchurch Global Equity Fund,Global Equity,928484981.66,SONY,Sony Group Corp,equity,Technology,Japan,,SONY,174878,67.97,11886457.66,1.2802
2026-06-30,Fenchurch Global Asset Management,FGAM-GEQ,Fenchurch Global Equity Fund,Global Equity,915442437.31,SONY,Sony Group Corp,equity,Technology,Japan,,SONY,177551,68.47,12156916.97,1.328
2026-07-31,Fenchurch Global Asset Management,FGAM-GEQ,Fenchurch Global Equity Fund,Global Equity,946349334.94,SONY,Sony Group Corp,equity,Technology,Japan,,SONY,173069,70.74,12242901.06,1.2937
2026-08-31,Fenchurch Global Asset Management,FGAM-GEQ,Fenchurch Global Equity Fund,Global Equity,982086169.92,SONY,Sony Group Corp,equity,Technology,Japan,,SONY,172534,65.52,11304427.68,1.1511
2026-09-30,Fenchurch Global Asset Management,FGAM-GEQ,Fenchurch Global Equity Fund,Global Equity,992655736.03,SONY,Sony Group Corp,equity,Technology,Japan,,SONY,169607,77.31,13112317.17,1.3209
2025-10-31,Fenchurch Global Asset Management,FGAM-GEQ,Fenchurch Global Equity Fund,Global Equity,949733380.49,ASML,ASML Holding NV,equity,Technology,Netherlands,,ASML,15078,814.72,12284348.16,1.2935
2025-11-30,Fenchurch Global Asset Management,FGAM-GEQ,Fenchurch Global Equity Fund,Global Equity,966997805.93,ASML,ASML Holding NV,equity,Technology,Netherlands,,ASML,14914,910.31,13576363.34,1.404
2025-12-31,Fenchurch Global Asset Management,FGAM-GEQ,Fenchurch Global Equity Fund,Global Equity,960393281.8,ASML,ASML Holding NV,equity,Technology,Netherlands,,ASML,14794,930.13,13760343.22,1.4328
2026-01-31,Fenchurch Global Asset Management,FGAM-GEQ,Fenchurch Global Equity Fund,Global Equity,944663270.84,ASML,ASML Holding NV,equity,Technology,Netherlands,,ASML,14761,1092.34,16124030.74,1.7069
2026-02-28,Fenchurch Global Asset Management,FGAM-GEQ,Fenchurch Global Equity Fund,Global Equity,946545177.63,ASML,ASML Holding NV,equity,Technology,Netherlands,,ASML,14618,1076.0,15728968.0,1.6617
2026-03-31,Fenchurch Global Asset Management,FGAM-GEQ,Fenchurch Global Equity Fund,Global Equity,937193328.92,ASML,ASML Holding NV,equity,Technology,Netherlands,,ASML,14428,1088.87,15710216.36,1.6763
2026-04-30,Fenchurch Global Asset Management,FGAM-GEQ,Fenchurch Global Equity Fund,Global Equity,946535431.64,ASML,ASML Holding NV,equity,Technology,Netherlands,,ASML,14424,1080.37,15583256.88,1.6463
2026-05-31,Fenchurch Global Asset Management,FGAM-GEQ,Fenchurch Global Equity Fund,Global Equity,928484981.66,ASML,ASML Holding NV,equity,Technology,Netherlands,,ASML,14379,982.93,14133550.47,1.5222
2026-06-30,Fenchurch Global Asset Management,FGAM-GEQ,Fenchurch Global Equity Fund,Global Equity,915442437.31,ASML,ASML Holding NV,equity,Technology,Netherlands,,ASML,13991,1061.79,14855503.89,1.6228
2026-07-31,Fenchurch Global Asset Management,FGAM-GEQ,Fenchurch Global Equity Fund,Global Equity,946349334.94,ASML,ASML Holding NV,equity,Technology,Netherlands,,ASML,14003,1130.14,15825350.42,1.6723
2026-08-31,Fenchurch Global Asset Management,FGAM-GEQ,Fenchurch Global Equity Fund,Global Equity,982086169.92,ASML,ASML Holding NV,equity,Technology,Netherlands,,ASML,13922,1223.45,17032870.9,1.7344
2026-09-30,Fenchurch Global Asset Management,FGAM-GEQ,Fenchurch Global Equity Fund,Global Equity,992655736.03,ASML,ASML Holding NV,equity,Technology,Netherlands,,ASML,13761,1192.75,16413432.75,1.6535
2025-10-31,Fenchurch Global Asset Management,FGAM-GEQ,Fenchurch Global Equity Fund,Global Equity,949733380.49,VOD.L,Vodafone Group PLC,equity,Telecommunications,UK,,VOD.L,16963425,0.72,12213666.0,1.286
2025-11-30,Fenchurch Global Asset Management,FGAM-GEQ,Fenchurch Global Equity Fund,Global Equity,966997805.93,VOD.L,Vodafone Group PLC,equity,Telecommunications,UK,,VOD.L,17427703,0.72,12547946.16,1.2976
2025-12-31,Fenchurch Global Asset Management,FGAM-GEQ,Fenchurch Global Equity Fund,Global Equity,960393281.8,VOD.L,Vodafone Group PLC,equity,Telecommunications,UK,,VOD.L,17689170,0.68,12028635.6,1.2525
2026-01-31,Fenchurch Global Asset Management,FGAM-GEQ,Fenchurch Global Equity Fund,Global Equity,944663270.84,VOD.L,Vodafone Group PLC,equity,Telecommunications,UK,,VOD.L,17619213,0.69,12157256.97,1.2869
2026-02-28,Fenchurch Global Asset Management,FGAM-GEQ,Fenchurch Global Equity Fund,Global Equity,946545177.63,VOD.L,Vodafone Group PLC,equity,Telecommunications,UK,,VOD.L,17602528,0.66,11617668.48,1.2274
2026-03-31,Fenchurch Global Asset Management,FGAM-GEQ,Fenchurch Global Equity Fund,Global Equity,937193328.92,VOD.L,Vodafone Group PLC,equity,Telecommunications,UK,,VOD.L,17802971,0.65,11571931.15,1.2347
2026-04-30,Fenchurch Global Asset Management,FGAM-GEQ,Fenchurch Global Equity Fund,Global Equity,946535431.64,VOD.L,Vodafone Group PLC,equity,Telecommunications,UK,,VOD.L,17771729,0.66,11729341.14,1.2392
2026-05-31,Fenchurch Global Asset Management,FGAM-GEQ,Fenchurch Global Equity Fund,Global Equity,928484981.66,VOD.L,Vodafone Group PLC,equity,Telecommunications,UK,,VOD.L,17533413,0.69,12098054.97,1.303
2026-06-30,Fenchurch Global Asset Management,FGAM-GEQ,Fenchurch Global Equity Fund,Global Equity,915442437.31,VOD.L,Vodafone Group PLC,equity,Telecommunications,UK,,VOD.L,17327205,0.64,11089411.2,1.2114
2026-07-31,Fenchurch Global Asset Management,FGAM-GEQ,Fenchurch Global Equity Fund,Global Equity,946349334.94,VOD.L,Vodafone Group PLC,equity,Telecommunications,UK,,VOD.L,17559140,0.7,12291398.0,1.2988
2026-08-31,Fenchurch Global Asset Management,FGAM-GEQ,Fenchurch Global Equity Fund,Global Equity,982086169.92,VOD.L,Vodafone Group PLC,equity,Telecommunications,UK,,VOD.L,17238437,0.69,11894521.53,1.2111
2026-09-30,Fenchurch Global Asset Management,FGAM-GEQ,Fenchurch Global Equity Fund,Global Equity,992655736.03,VOD.L,Vodafone Group PLC,equity,Telecommunications,UK,,VOD.L,17022973,0.67,11405391.91,1.149
2025-10-31,Fenchurch Global Asset Management,FGAM-GEQ,Fenchurch Global Equity Fund,Global Equity,949733380.49,LGEN.L,Legal & General Group PLC,equity,Insurance,UK,,LGEN.L,4741140,2.54,12042495.6,1.268
2025-11-30,Fenchurch Global Asset Management,FGAM-GEQ,Fenchurch Global Equity Fund,Global Equity,966997805.93,LGEN.L,Legal & General Group PLC,equity,Insurance,UK,,LGEN.L,4662275,2.45,11422573.75,1.1812
2025-12-31,Fenchurch Global Asset Management,FGAM-GEQ,Fenchurch Global Equity Fund,Global Equity,960393281.8,LGEN.L,Legal & General Group PLC,equity,Insurance,UK,,LGEN.L,4783128,2.57,12292638.96,1.28
2026-01-31,Fenchurch Global Asset Management,FGAM-GEQ,Fenchurch Global Equity Fund,Global Equity,944663270.84,LGEN.L,Legal & General Group PLC,equity,Insurance,UK,,LGEN.L,4703282,2.89,13592484.98,1.4389
2026-02-28,Fenchurch Global Asset Management,FGAM-GEQ,Fenchurch Global Equity Fund,Global Equity,946545177.63,LGEN.L,Legal & General Group PLC,equity,Insurance,UK,,LGEN.L,4628496,2.93,13561493.28,1.4327
2026-03-31,Fenchurch Global Asset Management,FGAM-GEQ,Fenchurch Global Equity Fund,Global Equity,937193328.92,LGEN.L,Legal & General Group PLC,equity,Insurance,UK,,LGEN.L,4645424,3.58,16630617.92,1.7745
2026-04-30,Fenchurch Global Asset Management,FGAM-GEQ,Fenchurch Global Equity Fund,Global Equity,946535431.64,LGEN.L,Legal & General Group PLC,equity,Insurance,UK,,LGEN.L,4677340,3.17,14827167.8,1.5665
2026-05-31,Fenchurch Global Asset Management,FGAM-GEQ,Fenchurch Global Equity Fund,Global Equity,928484981.66,LGEN.L,Legal & General Group PLC,equity,Insurance,UK,,LGEN.L,4616871,2.93,13527432.03,1.4569
2026-06-30,Fenchurch Global Asset Management,FGAM-GEQ,Fenchurch Global Equity Fund,Global Equity,915442437.31,LGEN.L,Legal & General Group PLC,equity,Insurance,UK,,LGEN.L,4591565,2.84,13040044.6,1.4245
2026-07-31,Fenchurch Global Asset Management,FGAM-GEQ,Fenchurch Global Equity Fund,Global Equity,946349334.94,LGEN.L,Legal & General Group PLC,equity,Insurance,UK,,LGEN.L,4685797,2.87,13448237.39,1.4211
2026-08-31,Fenchurch Global Asset Management,FGAM-GEQ,Fenchurch Global Equity Fund,Global Equity,982086169.92,LGEN.L,Legal & General Group PLC,equity,Insurance,UK,,LGEN.L,4564817,2.76,12598894.92,1.2829
2026-09-30,Fenchurch Global Asset Management,FGAM-GEQ,Fenchurch Global Equity Fund,Global Equity,992655736.03,LGEN.L,Legal & General Group PLC,equity,Insurance,UK,,LGEN.L,4637746,2.8,12985688.8,1.3082
2025-10-31,Fenchurch Global Asset Management,FGAM-GEQ,Fenchurch Global Equity Fund,Global Equity,949733380.49,ISF.L,iShares FTSE 100 ETF,etf,Diversified,UK,,ISF.L,16588,734.37,12181729.56,1.2826
2025-11-30,Fenchurch Global Asset Management,FGAM-GEQ,Fenchurch Global Equity Fund,Global Equity,966997805.93,ISF.L,iShares FTSE 100 ETF,etf,Diversified,UK,,ISF.L,16972,761.51,12924347.72,1.3365
2025-12-31,Fenchurch Global Asset Management,FGAM-GEQ,Fenchurch Global Equity Fund,Global Equity,960393281.8,ISF.L,iShares FTSE 100 ETF,etf,Diversified,UK,,ISF.L,16466,756.62,12458504.92,1.2972
2026-01-31,Fenchurch Global Asset Management,FGAM-GEQ,Fenchurch Global Equity Fund,Global Equity,944663270.84,ISF.L,iShares FTSE 100 ETF,etf,Diversified,UK,,ISF.L,16659,769.85,12824931.15,1.3576
2026-02-28,Fenchurch Global Asset Management,FGAM-GEQ,Fenchurch Global Equity Fund,Global Equity,946545177.63,ISF.L,iShares FTSE 100 ETF,etf,Diversified,UK,,ISF.L,16671,773.16,12889350.36,1.3617
2026-03-31,Fenchurch Global Asset Management,FGAM-GEQ,Fenchurch Global Equity Fund,Global Equity,937193328.92,ISF.L,iShares FTSE 100 ETF,etf,Diversified,UK,,ISF.L,17001,767.57,13049457.57,1.3924
2026-04-30,Fenchurch Global Asset Management,FGAM-GEQ,Fenchurch Global Equity Fund,Global Equity,946535431.64,ISF.L,iShares FTSE 100 ETF,etf,Diversified,UK,,ISF.L,17089,787.74,13461688.86,1.4222
2026-05-31,Fenchurch Global Asset Management,FGAM-GEQ,Fenchurch Global Equity Fund,Global Equity,928484981.66,ISF.L,iShares FTSE 100 ETF,etf,Diversified,UK,,ISF.L,17218,772.79,13305898.22,1.4331
2026-06-30,Fenchurch Global Asset Management,FGAM-GEQ,Fenchurch Global Equity Fund,Global Equity,915442437.31,ISF.L,iShares FTSE 100 ETF,etf,Diversified,UK,,ISF.L,17611,789.75,13908287.25,1.5193
2026-07-31,Fenchurch Global Asset Management,FGAM-GEQ,Fenchurch Global Equity Fund,Global Equity,946349334.94,ISF.L,iShares FTSE 100 ETF,etf,Diversified,UK,,ISF.L,17865,845.61,15106822.65,1.5963
2026-08-31,Fenchurch Global Asset Management,FGAM-GEQ,Fenchurch Global Equity Fund,Global Equity,982086169.92,ISF.L,iShares FTSE 100 ETF,etf,Diversified,UK,,ISF.L,17534,782.9,13727368.6,1.3978
2026-09-30,Fenchurch Global Asset Management,FGAM-GEQ,Fenchurch Global Equity Fund,Global Equity,992655736.03,ISF.L,iShares FTSE 100 ETF,etf,Diversified,UK,,ISF.L,17380,761.37,13232610.6,1.3331
2025-10-31,Fenchurch Global Asset Management,FGAM-UKI,Fenchurch UK Equity Income Fund,UK Equity Income,231837983.09,BARC.L,Barclays PLC,equity,Financials,UK,BARCLAYS_PLC,BARCLAYS_PLC,97879,196.72,19254756.88,8.3053
2025-11-30,Fenchurch Global Asset Management,FGAM-UKI,Fenchurch UK Equity Income Fund,UK Equity Income,236487598.64,BARC.L,Barclays PLC,equity,Financials,UK,BARCLAYS_PLC,BARCLAYS_PLC,98123,204.16,20032791.68,8.471
2025-12-31,Fenchurch Global Asset Management,FGAM-UKI,Fenchurch UK Equity Income Fund,UK Equity Income,239304049.71,BARC.L,Barclays PLC,equity,Financials,UK,BARCLAYS_PLC,BARCLAYS_PLC,98971,220.53,21826074.63,9.1206
2026-01-31,Fenchurch Global Asset Management,FGAM-UKI,Fenchurch UK Equity Income Fund,UK Equity Income,240775614.02,BARC.L,Barclays PLC,equity,Financials,UK,BARCLAYS_PLC,BARCLAYS_PLC,97796,219.18,21434927.28,8.9024
2026-02-28,Fenchurch Global Asset Management,FGAM-UKI,Fenchurch UK Equity Income Fund,UK Equity Income,238705606.08,BARC.L,Barclays PLC,equity,Financials,UK,BARCLAYS_PLC,BARCLAYS_PLC,95213,218.49,20803088.37,8.715
2026-03-31,Fenchurch Global Asset Management,FGAM-UKI,Fenchurch UK Equity Income Fund,UK Equity Income,243837358.18,BARC.L,Barclays PLC,equity,Financials,UK,BARCLAYS_PLC,BARCLAYS_PLC,96042,225.87,21693006.54,8.8965
2026-04-30,Fenchurch Global Asset Management,FGAM-UKI,Fenchurch UK Equity Income Fund,UK Equity Income,238787700.82,BARC.L,Barclays PLC,equity,Financials,UK,BARCLAYS_PLC,BARCLAYS_PLC,95168,186.63,17761203.84,7.4381
2026-05-31,Fenchurch Global Asset Management,FGAM-UKI,Fenchurch UK Equity Income Fund,UK Equity Income,239053370.04,BARC.L,Barclays PLC,equity,Financials,UK,BARCLAYS_PLC,BARCLAYS_PLC,96449,165.8,15991244.2,6.6894
2026-06-30,Fenchurch Global Asset Management,FGAM-UKI,Fenchurch UK Equity Income Fund,UK Equity Income,235433703.05,BARC.L,Barclays PLC,equity,Financials,UK,BARCLAYS_PLC,BARCLAYS_PLC,98150,170.43,16727704.5,7.1051
2026-07-31,Fenchurch Global Asset Management,FGAM-UKI,Fenchurch UK Equity Income Fund,UK Equity Income,237853962.01,BARC.L,Barclays PLC,equity,Financials,UK,BARCLAYS_PLC,BARCLAYS_PLC,97503,174.31,16995747.93,7.1455
2026-08-31,Fenchurch Global Asset Management,FGAM-UKI,Fenchurch UK Equity Income Fund,UK Equity Income,235045641.03,BARC.L,Barclays PLC,equity,Financials,UK,BARCLAYS_PLC,BARCLAYS_PLC,94857,143.96,13655613.72,5.8098
2026-09-30,Fenchurch Global Asset Management,FGAM-UKI,Fenchurch UK Equity Income Fund,UK Equity Income,236254830.16,BARC.L,Barclays PLC,equity,Financials,UK,BARCLAYS_PLC,BARCLAYS_PLC,93292,144.43,13474163.56,5.7032
2025-10-31,Fenchurch Global Asset Management,FGAM-UKI,Fenchurch UK Equity Income Fund,UK Equity Income,231837983.09,HSBA.L,HSBC Holdings PLC,equity,Financials,UK,HSBC_HOLDINGS,HSBC_HOLDINGS,28906,685.44,19813328.64,8.5462
2025-11-30,Fenchurch Global Asset Management,FGAM-UKI,Fenchurch UK Equity Income Fund,UK Equity Income,236487598.64,HSBA.L,HSBC Holdings PLC,equity,Financials,UK,HSBC_HOLDINGS,HSBC_HOLDINGS,29423,727.93,21417884.39,9.0567
2025-12-31,Fenchurch Global Asset Management,FGAM-UKI,Fenchurch UK Equity Income Fund,UK Equity Income,239304049.71,HSBA.L,HSBC Holdings PLC,equity,Financials,UK,HSBC_HOLDINGS,HSBC_HOLDINGS,29155,712.8,20781684.0,8.6842
2026-01-31,Fenchurch Global Asset Management,FGAM-UKI,Fenchurch UK Equity Income Fund,UK Equity Income,240775614.02,HSBA.L,HSBC Holdings PLC,equity,Financials,UK,HSBC_HOLDINGS,HSBC_HOLDINGS,29175,728.3,21248152.5,8.8249
2026-02-28,Fenchurch Global Asset Management,FGAM-UKI,Fenchurch UK Equity Income Fund,UK Equity Income,238705606.08,HSBA.L,HSBC Holdings PLC,equity,Financials,UK,HSBC_HOLDINGS,HSBC_HOLDINGS,28273,679.91,19223095.43,8.0531
2026-03-31,Fenchurch Global Asset Management,FGAM-UKI,Fenchurch UK Equity Income Fund,UK Equity Income,243837358.18,HSBA.L,HSBC Holdings PLC,equity,Financials,UK,HSBC_HOLDINGS,HSBC_HOLDINGS,28310,698.3,19768873.0,8.1074
2026-04-30,Fenchurch Global Asset Management,FGAM-UKI,Fenchurch UK Equity Income Fund,UK Equity Income,238787700.82,HSBA.L,HSBC Holdings PLC,equity,Financials,UK,HSBC_HOLDINGS,HSBC_HOLDINGS,28938,717.84,20772853.92,8.6993
2026-05-31,Fenchurch Global Asset Management,FGAM-UKI,Fenchurch UK Equity Income Fund,UK Equity Income,239053370.04,HSBA.L,HSBC Holdings PLC,equity,Financials,UK,HSBC_HOLDINGS,HSBC_HOLDINGS,28396,774.17,21983331.32,9.196
2026-06-30,Fenchurch Global Asset Management,FGAM-UKI,Fenchurch UK Equity Income Fund,UK Equity Income,235433703.05,HSBA.L,HSBC Holdings PLC,equity,Financials,UK,HSBC_HOLDINGS,HSBC_HOLDINGS,28846,772.22,22275458.12,9.4615
2026-07-31,Fenchurch Global Asset Management,FGAM-UKI,Fenchurch UK Equity Income Fund,UK Equity Income,237853962.01,HSBA.L,HSBC Holdings PLC,equity,Financials,UK,HSBC_HOLDINGS,HSBC_HOLDINGS,29020,853.69,24774083.8,10.4157
2026-08-31,Fenchurch Global Asset Management,FGAM-UKI,Fenchurch UK Equity Income Fund,UK Equity Income,235045641.03,HSBA.L,HSBC Holdings PLC,equity,Financials,UK,HSBC_HOLDINGS,HSBC_HOLDINGS,29382,864.71,25406909.22,10.8094
2026-09-30,Fenchurch Global Asset Management,FGAM-UKI,Fenchurch UK Equity Income Fund,UK Equity Income,236254830.16,HSBA.L,HSBC Holdings PLC,equity,Financials,UK,HSBC_HOLDINGS,HSBC_HOLDINGS,29719,831.78,24719669.82,10.4631
2025-10-31,Fenchurch Global Asset Management,FGAM-UKI,Fenchurch UK Equity Income Fund,UK Equity Income,231837983.09,BARC-BOND-2,Barclays Bank UK PLC 5.1% 2029,bond,Financials,UK,BARCLAYS_BANK_UK,BARCLAYS_PLC,193596,101.4,19630634.4,8.4674
2025-11-30,Fenchurch Global Asset Management,FGAM-UKI,Fenchurch UK Equity Income Fund,UK Equity Income,236487598.64,BARC-BOND-2,Barclays Bank UK PLC 5.1% 2029,bond,Financials,UK,BARCLAYS_BANK_UK,BARCLAYS_PLC,195981,101.6,19911669.6,8.4198
2025-12-31,Fenchurch Global Asset Management,FGAM-UKI,Fenchurch UK Equity Income Fund,UK Equity Income,239304049.71,BARC-BOND-2,Barclays Bank UK PLC 5.1% 2029,bond,Financials,UK,BARCLAYS_BANK_UK,BARCLAYS_PLC,196232,101.12,19842979.84,8.292
2026-01-31,Fenchurch Global Asset Management,FGAM-UKI,Fenchurch UK Equity Income Fund,UK Equity Income,240775614.02,BARC-BOND-2,Barclays Bank UK PLC 5.1% 2029,bond,Financials,UK,BARCLAYS_BANK_UK,BARCLAYS_PLC,195590,102.2,19989298.0,8.302
2026-02-28,Fenchurch Global Asset Management,FGAM-UKI,Fenchurch UK Equity Income Fund,UK Equity Income,238705606.08,BARC-BOND-2,Barclays Bank UK PLC 5.1% 2029,bond,Financials,UK,BARCLAYS_BANK_UK,BARCLAYS_PLC,195792,102.38,20045184.96,8.3975
2026-03-31,Fenchurch Global Asset Management,FGAM-UKI,Fenchurch UK Equity Income Fund,UK Equity Income,243837358.18,BARC-BOND-2,Barclays Bank UK PLC 5.1% 2029,bond,Financials,UK,BARCLAYS_BANK_UK,BARCLAYS_PLC,191881,102.43,19654370.83,8.0604
2026-04-30,Fenchurch Global Asset Management,FGAM-UKI,Fenchurch UK Equity Income Fund,UK Equity Income,238787700.82,BARC-BOND-2,Barclays Bank UK PLC 5.1% 2029,bond,Financials,UK,BARCLAYS_BANK_UK,BARCLAYS_PLC,194312,102.48,19913093.76,8.3392
2026-05-31,Fenchurch Global Asset Management,FGAM-UKI,Fenchurch UK Equity Income Fund,UK Equity Income,239053370.04,BARC-BOND-2,Barclays Bank UK PLC 5.1% 2029,bond,Financials,UK,BARCLAYS_BANK_UK,BARCLAYS_PLC,196813,102.02,20078862.26,8.3993
2026-06-30,Fenchurch Global Asset Management,FGAM-UKI,Fenchurch UK Equity Income Fund,UK Equity Income,235433703.05,BARC-BOND-2,Barclays Bank UK PLC 5.1% 2029,bond,Financials,UK,BARCLAYS_BANK_UK,BARCLAYS_PLC,191876,100.78,19337263.28,8.2135
2026-07-31,Fenchurch Global Asset Management,FGAM-UKI,Fenchurch UK Equity Income Fund,UK Equity Income,237853962.01,BARC-BOND-2,Barclays Bank UK PLC 5.1% 2029,bond,Financials,UK,BARCLAYS_BANK_UK,BARCLAYS_PLC,194642,99.38,19343521.96,8.1325
2026-08-31,Fenchurch Global Asset Management,FGAM-UKI,Fenchurch UK Equity Income Fund,UK Equity Income,235045641.03,BARC-BOND-2,Barclays Bank UK PLC 5.1% 2029,bond,Financials,UK,BARCLAYS_BANK_UK,BARCLAYS_PLC,195605,99.21,19405972.05,8.2563
2026-09-30,Fenchurch Global Asset Management,FGAM-UKI,Fenchurch UK Equity Income Fund,UK Equity Income,236254830.16,BARC-BOND-2,Barclays Bank UK PLC 5.1% 2029,bond,Financials,UK,BARCLAYS_BANK_UK,BARCLAYS_PLC,199998,98.37,19673803.26,8.3274
2025-10-31,Fenchurch Global Asset Management,FGAM-UKI,Fenchurch UK Equity Income Fund,UK Equity Income,231837983.09,ISF.L,iShares FTSE 100 ETF,etf,Diversified,UK,,ISF.L,25767,734.37,18922511.79,8.162
2025-11-30,Fenchurch Global Asset Management,FGAM-UKI,Fenchurch UK Equity Income Fund,UK Equity Income,236487598.64,ISF.L,iShares FTSE 100 ETF,etf,Diversified,UK,,ISF.L,26148,761.51,19911963.48,8.4199
2025-12-31,Fenchurch Global Asset Management,FGAM-UKI,Fenchurch UK Equity Income Fund,UK Equity Income,239304049.71,ISF.L,iShares FTSE 100 ETF,etf,Diversified,UK,,ISF.L,26347,756.62,19934667.14,8.3303
2026-01-31,Fenchurch Global Asset Management,FGAM-UKI,Fenchurch UK Equity Income Fund,UK Equity Income,240775614.02,ISF.L,iShares FTSE 100 ETF,etf,Diversified,UK,,ISF.L,26102,769.85,20094624.7,8.3458
2026-02-28,Fenchurch Global Asset Management,FGAM-UKI,Fenchurch UK Equity Income Fund,UK Equity Income,238705606.08,ISF.L,iShares FTSE 100 ETF,etf,Diversified,UK,,ISF.L,26019,773.16,20116850.04,8.4275
2026-03-31,Fenchurch Global Asset Management,FGAM-UKI,Fenchurch UK Equity Income Fund,UK Equity Income,243837358.18,ISF.L,iShares FTSE 100 ETF,etf,Diversified,UK,,ISF.L,25633,767.57,19675121.81,8.069
2026-04-30,Fenchurch Global Asset Management,FGAM-UKI,Fenchurch UK Equity Income Fund,UK Equity Income,238787700.82,ISF.L,iShares FTSE 100 ETF,etf,Diversified,UK,,ISF.L,26225,787.74,20658481.5,8.6514
2026-05-31,Fenchurch Global Asset Management,FGAM-UKI,Fenchurch UK Equity Income Fund,UK Equity Income,239053370.04,ISF.L,iShares FTSE 100 ETF,etf,Diversified,UK,,ISF.L,25952,772.79,20055446.08,8.3895
2026-06-30,Fenchurch Global Asset Management,FGAM-UKI,Fenchurch UK Equity Income Fund,UK Equity Income,235433703.05,ISF.L,iShares FTSE 100 ETF,etf,Diversified,UK,,ISF.L,25983,789.75,20520074.25,8.7159
2026-07-31,Fenchurch Global Asset Management,FGAM-UKI,Fenchurch UK Equity Income Fund,UK Equity Income,237853962.01,ISF.L,iShares FTSE 100 ETF,etf,Diversified,UK,,ISF.L,26408,845.61,22330868.88,9.3885
2026-08-31,Fenchurch Global Asset Management,FGAM-UKI,Fenchurch UK Equity Income Fund,UK Equity Income,235045641.03,ISF.L,iShares FTSE 100 ETF,etf,Diversified,UK,,ISF.L,26696,782.9,20900298.4,8.892
2026-09-30,Fenchurch Global Asset Management,FGAM-UKI,Fenchurch UK Equity Income Fund,UK Equity Income,236254830.16,ISF.L,iShares FTSE 100 ETF,etf,Diversified,UK,,ISF.L,27032,761.37,20581353.84,8.7115
2025-10-31,Fenchurch Global Asset Management,FGAM-UKI,Fenchurch UK Equity Income Fund,UK Equity Income,231837983.09,LLOY.L,Lloyds Banking Group PLC,equity,Financials,UK,,LLOY.L,201414,48.48,9764550.72,4.2118
2025-11-30,Fenchurch Global Asset Management,FGAM-UKI,Fenchurch UK Equity Income Fund,UK Equity Income,236487598.64,LLOY.L,Lloyds Banking Group PLC,equity,Financials,UK,,LLOY.L,198590,51.01,10130075.9,4.2836
2025-12-31,Fenchurch Global Asset Management,FGAM-UKI,Fenchurch UK Equity Income Fund,UK Equity Income,239304049.71,LLOY.L,Lloyds Banking Group PLC,equity,Financials,UK,,LLOY.L,199759,52.59,10505325.81,4.3899
2026-01-31,Fenchurch Global Asset Management,FGAM-UKI,Fenchurch UK Equity Income Fund,UK Equity Income,240775614.02,LLOY.L,Lloyds Banking Group PLC,equity,Financials,UK,,LLOY.L,190405,56.1,10681720.5,4.4364
2026-02-28,Fenchurch Global Asset Management,FGAM-UKI,Fenchurch UK Equity Income Fund,UK Equity Income,238705606.08,LLOY.L,Lloyds Banking Group PLC,equity,Financials,UK,,LLOY.L,193138,53.81,10392755.78,4.3538
2026-03-31,Fenchurch Global Asset Management,FGAM-UKI,Fenchurch UK Equity Income Fund,UK Equity Income,243837358.18,LLOY.L,Lloyds Banking Group PLC,equity,Financials,UK,,LLOY.L,198962,53.57,10658394.34,4.3711
2026-04-30,Fenchurch Global Asset Management,FGAM-UKI,Fenchurch UK Equity Income Fund,UK Equity Income,238787700.82,LLOY.L,Lloyds Banking Group PLC,equity,Financials,UK,,LLOY.L,200618,55.42,11118249.56,4.6561
2026-05-31,Fenchurch Global Asset Management,FGAM-UKI,Fenchurch UK Equity Income Fund,UK Equity Income,239053370.04,LLOY.L,Lloyds Banking Group PLC,equity,Financials,UK,,LLOY.L,200939,54.56,10963231.84,4.5861
2026-06-30,Fenchurch Global Asset Management,FGAM-UKI,Fenchurch UK Equity Income Fund,UK Equity Income,235433703.05,LLOY.L,Lloyds Banking Group PLC,equity,Financials,UK,,LLOY.L,198874,50.16,9975519.84,4.2371
2026-07-31,Fenchurch Global Asset Management,FGAM-UKI,Fenchurch UK Equity Income Fund,UK Equity Income,237853962.01,LLOY.L,Lloyds Banking Group PLC,equity,Financials,UK,,LLOY.L,199686,50.19,10022240.34,4.2136
2026-08-31,Fenchurch Global Asset Management,FGAM-UKI,Fenchurch UK Equity Income Fund,UK Equity Income,235045641.03,LLOY.L,Lloyds Banking Group PLC,equity,Financials,UK,,LLOY.L,201467,49.32,9936352.44,4.2274
2026-09-30,Fenchurch Global Asset Management,FGAM-UKI,Fenchurch UK Equity Income Fund,UK Equity Income,236254830.16,LLOY.L,Lloyds Banking Group PLC,equity,Financials,UK,,LLOY.L,201544,49.07,9889764.08,4.1861
2025-10-31,Fenchurch Global Asset Management,FGAM-UKI,Fenchurch UK Equity Income Fund,UK Equity Income,231837983.09,NWG.L,NatWest Group PLC,equity,Financials,UK,,NWG.L,28935,335.25,9700458.75,4.1842
2025-11-30,Fenchurch Global Asset Management,FGAM-UKI,Fenchurch UK Equity Income Fund,UK Equity Income,236487598.64,NWG.L,NatWest Group PLC,equity,Financials,UK,,NWG.L,29129,316.44,9217580.76,3.8977
2025-12-31,Fenchurch Global Asset Management,FGAM-UKI,Fenchurch UK Equity Income Fund,UK Equity Income,239304049.71,NWG.L,NatWest Group PLC,equity,Financials,UK,,NWG.L,29175,329.17,9603534.75,4.0131
2026-01-31,Fenchurch Global Asset Management,FGAM-UKI,Fenchurch UK Equity Income Fund,UK Equity Income,240775614.02,NWG.L,NatWest Group PLC,equity,Financials,UK,,NWG.L,29554,302.48,8939493.92,3.7128
2026-02-28,Fenchurch Global Asset Management,FGAM-UKI,Fenchurch UK Equity Income Fund,UK Equity Income,238705606.08,NWG.L,NatWest Group PLC,equity,Financials,UK,,NWG.L,29110,334.45,9735839.5,4.0786
2026-03-31,Fenchurch Global Asset Management,FGAM-UKI,Fenchurch UK Equity Income Fund,UK Equity Income,243837358.18,NWG.L,NatWest Group PLC,equity,Financials,UK,,NWG.L,30022,409.38,12290406.36,5.0404
2026-04-30,Fenchurch Global Asset Management,FGAM-UKI,Fenchurch UK Equity Income Fund,UK Equity Income,238787700.82,NWG.L,NatWest Group PLC,equity,Financials,UK,,NWG.L,29257,397.39,11626439.23,4.8689
2026-05-31,Fenchurch Global Asset Management,FGAM-UKI,Fenchurch UK Equity Income Fund,UK Equity Income,239053370.04,NWG.L,NatWest Group PLC,equity,Financials,UK,,NWG.L,28831,393.02,11331159.62,4.74
2026-06-30,Fenchurch Global Asset Management,FGAM-UKI,Fenchurch UK Equity Income Fund,UK Equity Income,235433703.05,NWG.L,NatWest Group PLC,equity,Financials,UK,,NWG.L,28565,404.17,11545116.05,4.9038
2026-07-31,Fenchurch Global Asset Management,FGAM-UKI,Fenchurch UK Equity Income Fund,UK Equity Income,237853962.01,NWG.L,NatWest Group PLC,equity,Financials,UK,,NWG.L,28321,391.22,11079741.62,4.6582
2026-08-31,Fenchurch Global Asset Management,FGAM-UKI,Fenchurch UK Equity Income Fund,UK Equity Income,235045641.03,NWG.L,NatWest Group PLC,equity,Financials,UK,,NWG.L,28012,379.77,10638117.24,4.526
2026-09-30,Fenchurch Global Asset Management,FGAM-UKI,Fenchurch UK Equity Income Fund,UK Equity Income,236254830.16,NWG.L,NatWest Group PLC,equity,Financials,UK,,NWG.L,28580,370.26,10582030.8,4.4791
2025-10-31,Fenchurch Global Asset Management,FGAM-UKI,Fenchurch UK Equity Income Fund,UK Equity Income,231837983.09,STAN.L,Standard Chartered PLC,equity,Financials,UK,,STAN.L,12860,776.65,9987719.0,4.3081
2025-11-30,Fenchurch Global Asset Management,FGAM-UKI,Fenchurch UK Equity Income Fund,UK Equity Income,236487598.64,STAN.L,Standard Chartered PLC,equity,Financials,UK,,STAN.L,12952,706.01,9144241.52,3.8667
2025-12-31,Fenchurch Global Asset Management,FGAM-UKI,Fenchurch UK Equity Income Fund,UK Equity Income,239304049.71,STAN.L,Standard Chartered PLC,equity,Financials,UK,,STAN.L,12960,795.48,10309420.8,4.3081
2026-01-31,Fenchurch Global Asset Management,FGAM-UKI,Fenchurch UK Equity Income Fund,UK Equity Income,240775614.02,STAN.L,Standard Chartered PLC,equity,Financials,UK,,STAN.L,13255,768.69,10188985.95,4.2317
2026-02-28,Fenchurch Global Asset Management,FGAM-UKI,Fenchurch UK Equity Income Fund,UK Equity Income,238705606.08,STAN.L,Standard Chartered PLC,equity,Financials,UK,,STAN.L,13312,748.47,9963632.64,4.174
2026-03-31,Fenchurch Global Asset Management,FGAM-UKI,Fenchurch UK Equity Income Fund,UK Equity Income,243837358.18,STAN.L,Standard Chartered PLC,equity,Financials,UK,,STAN.L,13715,812.08,11137677.2,4.5677
2026-04-30,Fenchurch Global Asset Management,FGAM-UKI,Fenchurch UK Equity Income Fund,UK Equity Income,238787700.82,STAN.L,Standard Chartered PLC,equity,Financials,UK,,STAN.L,13384,760.31,10175989.04,4.2615
2026-05-31,Fenchurch Global Asset Management,FGAM-UKI,Fenchurch UK Equity Income Fund,UK Equity Income,239053370.04,STAN.L,Standard Chartered PLC,equity,Financials,UK,,STAN.L,13614,732.88,9977428.32,4.1737
2026-06-30,Fenchurch Global Asset Management,FGAM-UKI,Fenchurch UK Equity Income Fund,UK Equity Income,235433703.05,STAN.L,Standard Chartered PLC,equity,Financials,UK,,STAN.L,13795,737.51,10173950.45,4.3214
2026-07-31,Fenchurch Global Asset Management,FGAM-UKI,Fenchurch UK Equity Income Fund,UK Equity Income,237853962.01,STAN.L,Standard Chartered PLC,equity,Financials,UK,,STAN.L,14033,630.56,8848648.48,3.7202
2026-08-31,Fenchurch Global Asset Management,FGAM-UKI,Fenchurch UK Equity Income Fund,UK Equity Income,235045641.03,STAN.L,Standard Chartered PLC,equity,Financials,UK,,STAN.L,14020,592.72,8309934.4,3.5355
2026-09-30,Fenchurch Global Asset Management,FGAM-UKI,Fenchurch UK Equity Income Fund,UK Equity Income,236254830.16,STAN.L,Standard Chartered PLC,equity,Financials,UK,,STAN.L,14395,638.36,9189192.2,3.8895
2025-10-31,Fenchurch Global Asset Management,FGAM-UKI,Fenchurch UK Equity Income Fund,UK Equity Income,231837983.09,SHEL,Shell PLC,equity,Energy,UK,,SHEL,366217,26.27,9620520.59,4.1497
2025-11-30,Fenchurch Global Asset Management,FGAM-UKI,Fenchurch UK Equity Income Fund,UK Equity Income,236487598.64,SHEL,Shell PLC,equity,Energy,UK,,SHEL,356857,27.42,9785018.94,4.1376
2025-12-31,Fenchurch Global Asset Management,FGAM-UKI,Fenchurch UK Equity Income Fund,UK Equity Income,239304049.71,SHEL,Shell PLC,equity,Energy,UK,,SHEL,355083,30.31,10762565.73,4.4974
2026-01-31,Fenchurch Global Asset Management,FGAM-UKI,Fenchurch UK Equity Income Fund,UK Equity Income,240775614.02,SHEL,Shell PLC,equity,Energy,UK,,SHEL,357238,26.79,9570406.02,3.9748
2026-02-28,Fenchurch Global Asset Management,FGAM-UKI,Fenchurch UK Equity Income Fund,UK Equity Income,238705606.08,SHEL,Shell PLC,equity,Energy,UK,,SHEL,352302,26.92,9483969.84,3.9731
2026-03-31,Fenchurch Global Asset Management,FGAM-UKI,Fenchurch UK Equity Income Fund,UK Equity Income,243837358.18,SHEL,Shell PLC,equity,Energy,UK,,SHEL,348151,23.12,8049251.12,3.3011
2026-04-30,Fenchurch Global Asset Management,FGAM-UKI,Fenchurch UK Equity Income Fund,UK Equity Income,238787700.82,SHEL,Shell PLC,equity,Energy,UK,,SHEL,346589,25.67,8896939.63,3.7259
2026-05-31,Fenchurch Global Asset Management,FGAM-UKI,Fenchurch UK Equity Income Fund,UK Equity Income,239053370.04,SHEL,Shell PLC,equity,Energy,UK,,SHEL,349450,25.66,8966887.0,3.751
2026-06-30,Fenchurch Global Asset Management,FGAM-UKI,Fenchurch UK Equity Income Fund,UK Equity Income,235433703.05,SHEL,Shell PLC,equity,Energy,UK,,SHEL,348830,21.85,7621935.5,3.2374
2026-07-31,Fenchurch Global Asset Management,FGAM-UKI,Fenchurch UK Equity Income Fund,UK Equity Income,237853962.01,SHEL,Shell PLC,equity,Energy,UK,,SHEL,347463,20.55,7140364.65,3.002
2026-08-31,Fenchurch Global Asset Management,FGAM-UKI,Fenchurch UK Equity Income Fund,UK Equity Income,235045641.03,SHEL,Shell PLC,equity,Energy,UK,,SHEL,349969,23.03,8059786.07,3.429
2026-09-30,Fenchurch Global Asset Management,FGAM-UKI,Fenchurch UK Equity Income Fund,UK Equity Income,236254830.16,SHEL,Shell PLC,equity,Energy,UK,,SHEL,353856,19.7,6970963.2,2.9506
2025-10-31,Fenchurch Global Asset Management,FGAM-UKI,Fenchurch UK Equity Income Fund,UK Equity Income,231837983.09,BP,BP PLC,equity,Energy,UK,,BP,1993449,4.9,9767900.1,4.2132
2025-11-30,Fenchurch Global Asset Management,FGAM-UKI,Fenchurch UK Equity Income Fund,UK Equity Income,236487598.64,BP,BP PLC,equity,Energy,UK,,BP,2028037,5.05,10241586.85,4.3307
2025-12-31,Fenchurch Global Asset Management,FGAM-UKI,Fenchurch UK Equity Income Fund,UK Equity Income,239304049.71,BP,BP PLC,equity,Energy,UK,,BP,1996589,4.94,9863149.66,4.1216
2026-01-31,Fenchurch Global Asset Management,FGAM-UKI,Fenchurch UK Equity Income Fund,UK Equity Income,240775614.02,BP,BP PLC,equity,Energy,UK,,BP,2041797,5.01,10229402.97,4.2485
2026-02-28,Fenchurch Global Asset Management,FGAM-UKI,Fenchurch UK Equity Income Fund,UK Equity Income,238705606.08,BP,BP PLC,equity,Energy,UK,,BP,2030443,5.62,11411089.66,4.7804
2026-03-31,Fenchurch Global Asset Management,FGAM-UKI,Fenchurch UK Equity Income Fund,UK Equity Income,243837358.18,BP,BP PLC,equity,Energy,UK,,BP,1988915,5.57,11078256.55,4.5433
2026-04-30,Fenchurch Global Asset Management,FGAM-UKI,Fenchurch UK Equity Income Fund,UK Equity Income,238787700.82,BP,BP PLC,equity,Energy,UK,,BP,1973520,5.82,11485886.4,4.8101
2026-05-31,Fenchurch Global Asset Management,FGAM-UKI,Fenchurch UK Equity Income Fund,UK Equity Income,239053370.04,BP,BP PLC,equity,Energy,UK,,BP,1942374,5.72,11110379.28,4.6477
2026-06-30,Fenchurch Global Asset Management,FGAM-UKI,Fenchurch UK Equity Income Fund,UK Equity Income,235433703.05,BP,BP PLC,equity,Energy,UK,,BP,1995386,5.62,11214069.32,4.7632
2026-07-31,Fenchurch Global Asset Management,FGAM-UKI,Fenchurch UK Equity Income Fund,UK Equity Income,237853962.01,BP,BP PLC,equity,Energy,UK,,BP,2052723,5.47,11228394.81,4.7207
2026-08-31,Fenchurch Global Asset Management,FGAM-UKI,Fenchurch UK Equity Income Fund,UK Equity Income,235045641.03,BP,BP PLC,equity,Energy,UK,,BP,2018808,5.54,11184196.32,4.7583
2026-09-30,Fenchurch Global Asset Management,FGAM-UKI,Fenchurch UK Equity Income Fund,UK Equity Income,236254830.16,BP,BP PLC,equity,Energy,UK,,BP,2045679,5.53,11312604.87,4.7883
2025-10-31,Fenchurch Global Asset Management,FGAM-UKI,Fenchurch UK Equity Income Fund,UK Equity Income,231837983.09,ULVR,Unilever PLC,equity,Consumer Staples,UK,,ULVR,226348,43.7,9891407.6,4.2665
2025-11-30,Fenchurch Global Asset Management,FGAM-UKI,Fenchurch UK Equity Income Fund,UK Equity Income,236487598.64,ULVR,Unilever PLC,equity,Consumer Staples,UK,,ULVR,225101,45.16,10165561.16,4.2986
2025-12-31,Fenchurch Global Asset Management,FGAM-UKI,Fenchurch UK Equity Income Fund,UK Equity Income,239304049.71,ULVR,Unilever PLC,equity,Consumer Staples,UK,,ULVR,221800,42.56,9439808.0,3.9447
2026-01-31,Fenchurch Global Asset Management,FGAM-UKI,Fenchurch UK Equity Income Fund,UK Equity Income,240775614.02,ULVR,Unilever PLC,equity,Consumer Staples,UK,,ULVR,221561,41.93,9290052.73,3.8584
2026-02-28,Fenchurch Global Asset Management,FGAM-UKI,Fenchurch UK Equity Income Fund,UK Equity Income,238705606.08,ULVR,Unilever PLC,equity,Consumer Staples,UK,,ULVR,224212,42.6,9551431.2,4.0013
2026-03-31,Fenchurch Global Asset Management,FGAM-UKI,Fenchurch UK Equity Income Fund,UK Equity Income,243837358.18,ULVR,Unilever PLC,equity,Consumer Staples,UK,,ULVR,226460,42.82,9697017.2,3.9768
2026-04-30,Fenchurch Global Asset Management,FGAM-UKI,Fenchurch UK Equity Income Fund,UK Equity Income,238787700.82,ULVR,Unilever PLC,equity,Consumer Staples,UK,,ULVR,225124,41.97,9448454.28,3.9568
2026-05-31,Fenchurch Global Asset Management,FGAM-UKI,Fenchurch UK Equity Income Fund,UK Equity Income,239053370.04,ULVR,Unilever PLC,equity,Consumer Staples,UK,,ULVR,229730,43.89,10082849.7,4.2178
2026-06-30,Fenchurch Global Asset Management,FGAM-UKI,Fenchurch UK Equity Income Fund,UK Equity Income,235433703.05,ULVR,Unilever PLC,equity,Consumer Staples,UK,,ULVR,226808,43.59,9886560.72,4.1993
2026-07-31,Fenchurch Global Asset Management,FGAM-UKI,Fenchurch UK Equity Income Fund,UK Equity Income,237853962.01,ULVR,Unilever PLC,equity,Consumer Staples,UK,,ULVR,218218,47.03,10262792.54,4.3147
2026-08-31,Fenchurch Global Asset Management,FGAM-UKI,Fenchurch UK Equity Income Fund,UK Equity Income,235045641.03,ULVR,Unilever PLC,equity,Consumer Staples,UK,,ULVR,216904,47.15,10227023.6,4.3511
2026-09-30,Fenchurch Global Asset Management,FGAM-UKI,Fenchurch UK Equity Income Fund,UK Equity Income,236254830.16,ULVR,Unilever PLC,equity,Consumer Staples,UK,,ULVR,212826,48.21,10260341.46,4.3429
2025-10-31,Fenchurch Global Asset Management,FGAM-UKI,Fenchurch UK Equity Income Fund,UK Equity Income,231837983.09,DGE,Diageo PLC,equity,Consumer Staples,UK,,DGE,381364,25.85,9858259.4,4.2522
2025-11-30,Fenchurch Global Asset Management,FGAM-UKI,Fenchurch UK Equity Income Fund,UK Equity Income,236487598.64,DGE,Diageo PLC,equity,Consumer Staples,UK,,DGE,386079,24.75,9555455.25,4.0406
2025-12-31,Fenchurch Global Asset Management,FGAM-UKI,Fenchurch UK Equity Income Fund,UK Equity Income,239304049.71,DGE,Diageo PLC,equity,Consumer Staples,UK,,DGE,387712,25.62,9933181.44,4.1509
2026-01-31,Fenchurch Global Asset Management,FGAM-UKI,Fenchurch UK Equity Income Fund,UK Equity Income,240775614.02,DGE,Diageo PLC,equity,Consumer Staples,UK,,DGE,378274,26.11,9876734.14,4.102
2026-02-28,Fenchurch Global Asset Management,FGAM-UKI,Fenchurch UK Equity Income Fund,UK Equity Income,238705606.08,DGE,Diageo PLC,equity,Consumer Staples,UK,,DGE,378360,26.61,10068159.6,4.2178
2026-03-31,Fenchurch Global Asset Management,FGAM-UKI,Fenchurch UK Equity Income Fund,UK Equity Income,243837358.18,DGE,Diageo PLC,equity,Consumer Staples,UK,,DGE,380560,29.29,11146602.4,4.5713
2026-04-30,Fenchurch Global Asset Management,FGAM-UKI,Fenchurch UK Equity Income Fund,UK Equity Income,238787700.82,DGE,Diageo PLC,equity,Consumer Staples,UK,,DGE,382219,30.53,11669146.07,4.8868
2026-05-31,Fenchurch Global Asset Management,FGAM-UKI,Fenchurch UK Equity Income Fund,UK Equity Income,239053370.04,DGE,Diageo PLC,equity,Consumer Staples,UK,,DGE,383979,31.6,12133736.4,5.0757
2026-06-30,Fenchurch Global Asset Management,FGAM-UKI,Fenchurch UK Equity Income Fund,UK Equity Income,235433703.05,DGE,Diageo PLC,equity,Consumer Staples,UK,,DGE,373575,30.93,11554674.75,4.9078
2026-07-31,Fenchurch Global Asset Management,FGAM-UKI,Fenchurch UK Equity Income Fund,UK Equity Income,237853962.01,DGE,Diageo PLC,equity,Consumer Staples,UK,,DGE,374977,28.45,10668095.65,4.4851
2026-08-31,Fenchurch Global Asset Management,FGAM-UKI,Fenchurch UK Equity Income Fund,UK Equity Income,235045641.03,DGE,Diageo PLC,equity,Consumer Staples,UK,,DGE,383592,29.43,11289112.56,4.8029
2026-09-30,Fenchurch Global Asset Management,FGAM-UKI,Fenchurch UK Equity Income Fund,UK Equity Income,236254830.16,DGE,Diageo PLC,equity,Consumer Staples,UK,,DGE,383145,29.07,11138025.15,4.7144
2025-10-31,Fenchurch Global Asset Management,FGAM-UKI,Fenchurch UK Equity Income Fund,UK Equity Income,231837983.09,NG.L,National Grid PLC,equity,Utilities,UK,,NG.L,986224,10.07,9931275.68,4.2837
2025-11-30,Fenchurch Global Asset Management,FGAM-UKI,Fenchurch UK Equity Income Fund,UK Equity Income,236487598.64,NG.L,National Grid PLC,equity,Utilities,UK,,NG.L,1007826,9.78,9856538.28,4.1679
2025-12-31,Fenchurch Global Asset Management,FGAM-UKI,Fenchurch UK Equity Income Fund,UK Equity Income,239304049.71,NG.L,National Grid PLC,equity,Utilities,UK,,NG.L,998782,9.26,9248721.32,3.8648
2026-01-31,Fenchurch Global Asset Management,FGAM-UKI,Fenchurch UK Equity Income Fund,UK Equity Income,240775614.02,NG.L,National Grid PLC,equity,Utilities,UK,,NG.L,1008019,9.07,9142732.33,3.7972
2026-02-28,Fenchurch Global Asset Management,FGAM-UKI,Fenchurch UK Equity Income Fund,UK Equity Income,238705606.08,NG.L,National Grid PLC,equity,Utilities,UK,,NG.L,1017574,9.54,9707655.96,4.0668
2026-03-31,Fenchurch Global Asset Management,FGAM-UKI,Fenchurch UK Equity Income Fund,UK Equity Income,243837358.18,NG.L,National Grid PLC,equity,Utilities,UK,,NG.L,1018622,9.3,9473184.6,3.885
2026-04-30,Fenchurch Global Asset Management,FGAM-UKI,Fenchurch UK Equity Income Fund,UK Equity Income,238787700.82,NG.L,National Grid PLC,equity,Utilities,UK,,NG.L,1024168,10.03,10272405.04,4.3019
2026-05-31,Fenchurch Global Asset Management,FGAM-UKI,Fenchurch UK Equity Income Fund,UK Equity Income,239053370.04,NG.L,National Grid PLC,equity,Utilities,UK,,NG.L,1026933,10.35,10628756.55,4.4462
2026-06-30,Fenchurch Global Asset Management,FGAM-UKI,Fenchurch UK Equity Income Fund,UK Equity Income,235433703.05,NG.L,National Grid PLC,equity,Utilities,UK,,NG.L,995008,10.33,10278432.64,4.3657
2026-07-31,Fenchurch Global Asset Management,FGAM-UKI,Fenchurch UK Equity Income Fund,UK Equity Income,237853962.01,NG.L,National Grid PLC,equity,Utilities,UK,,NG.L,991744,9.79,9709173.76,4.082
2026-08-31,Fenchurch Global Asset Management,FGAM-UKI,Fenchurch UK Equity Income Fund,UK Equity Income,235045641.03,NG.L,National Grid PLC,equity,Utilities,UK,,NG.L,996530,9.46,9427173.8,4.0108
2026-09-30,Fenchurch Global Asset Management,FGAM-UKI,Fenchurch UK Equity Income Fund,UK Equity Income,236254830.16,NG.L,National Grid PLC,equity,Utilities,UK,,NG.L,992248,9.63,9555348.24,4.0445
2025-10-31,Fenchurch Global Asset Management,FGAM-UKI,Fenchurch UK Equity Income Fund,UK Equity Income,231837983.09,VOD.L,Vodafone Group PLC,equity,Telecommunications,UK,,VOD.L,13529608,0.72,9741317.76,4.2018
2025-11-30,Fenchurch Global Asset Management,FGAM-UKI,Fenchurch UK Equity Income Fund,UK Equity Income,236487598.64,VOD.L,Vodafone Group PLC,equity,Telecommunications,UK,,VOD.L,13443815,0.72,9679546.8,4.093
2025-12-31,Fenchurch Global Asset Management,FGAM-UKI,Fenchurch UK Equity Income Fund,UK Equity Income,239304049.71,VOD.L,Vodafone Group PLC,equity,Telecommunications,UK,,VOD.L,13398286,0.68,9110834.48,3.8072
2026-01-31,Fenchurch Global Asset Management,FGAM-UKI,Fenchurch UK Equity Income Fund,UK Equity Income,240775614.02,VOD.L,Vodafone Group PLC,equity,Telecommunications,UK,,VOD.L,13429982,0.69,9266687.58,3.8487
2026-02-28,Fenchurch Global Asset Management,FGAM-UKI,Fenchurch UK Equity Income Fund,UK Equity Income,238705606.08,VOD.L,Vodafone Group PLC,equity,Telecommunications,UK,,VOD.L,13603589,0.66,8978368.74,3.7613
2026-03-31,Fenchurch Global Asset Management,FGAM-UKI,Fenchurch UK Equity Income Fund,UK Equity Income,243837358.18,VOD.L,Vodafone Group PLC,equity,Telecommunications,UK,,VOD.L,13693144,0.65,8900543.6,3.6502
2026-04-30,Fenchurch Global Asset Management,FGAM-UKI,Fenchurch UK Equity Income Fund,UK Equity Income,238787700.82,VOD.L,Vodafone Group PLC,equity,Telecommunications,UK,,VOD.L,13316760,0.66,8789061.6,3.6807
2026-05-31,Fenchurch Global Asset Management,FGAM-UKI,Fenchurch UK Equity Income Fund,UK Equity Income,239053370.04,VOD.L,Vodafone Group PLC,equity,Telecommunications,UK,,VOD.L,13164069,0.69,9083207.61,3.7997
2026-06-30,Fenchurch Global Asset Management,FGAM-UKI,Fenchurch UK Equity Income Fund,UK Equity Income,235433703.05,VOD.L,Vodafone Group PLC,equity,Telecommunications,UK,,VOD.L,13141725,0.64,8410704.0,3.5724
2026-07-31,Fenchurch Global Asset Management,FGAM-UKI,Fenchurch UK Equity Income Fund,UK Equity Income,237853962.01,VOD.L,Vodafone Group PLC,equity,Telecommunications,UK,,VOD.L,13348856,0.7,9344199.2,3.9285
2026-08-31,Fenchurch Global Asset Management,FGAM-UKI,Fenchurch UK Equity Income Fund,UK Equity Income,235045641.03,VOD.L,Vodafone Group PLC,equity,Telecommunications,UK,,VOD.L,13629426,0.69,9404303.94,4.0011
2026-09-30,Fenchurch Global Asset Management,FGAM-UKI,Fenchurch UK Equity Income Fund,UK Equity Income,236254830.16,VOD.L,Vodafone Group PLC,equity,Telecommunications,UK,,VOD.L,13489098,0.67,9037695.66,3.8254
2025-10-31,Fenchurch Global Asset Management,FGAM-UKI,Fenchurch UK Equity Income Fund,UK Equity Income,231837983.09,AZN,AstraZeneca PLC,equity,Healthcare,UK,,AZN,74246,133.01,9875460.46,4.2596
2025-11-30,Fenchurch Global Asset Management,FGAM-UKI,Fenchurch UK Equity Income Fund,UK Equity Income,236487598.64,AZN,AstraZeneca PLC,equity,Healthcare,UK,,AZN,76074,142.25,10821526.5,4.5759
2025-12-31,Fenchurch Global Asset Management,FGAM-UKI,Fenchurch UK Equity Income Fund,UK Equity Income,239304049.71,AZN,AstraZeneca PLC,equity,Healthcare,UK,,AZN,75518,142.41,10754518.38,4.4941
2026-01-31,Fenchurch Global Asset Management,FGAM-UKI,Fenchurch UK Equity Income Fund,UK Equity Income,240775614.02,AZN,AstraZeneca PLC,equity,Healthcare,UK,,AZN,73478,136.3,10015051.4,4.1595
2026-02-28,Fenchurch Global Asset Management,FGAM-UKI,Fenchurch UK Equity Income Fund,UK Equity Income,238705606.08,AZN,AstraZeneca PLC,equity,Healthcare,UK,,AZN,72497,135.51,9824068.47,4.1156
2026-03-31,Fenchurch Global Asset Management,FGAM-UKI,Fenchurch UK Equity Income Fund,UK Equity Income,243837358.18,AZN,AstraZeneca PLC,equity,Healthcare,UK,,AZN,75955,124.69,9470828.95,3.8841
2026-04-30,Fenchurch Global Asset Management,FGAM-UKI,Fenchurch UK Equity Income Fund,UK Equity Income,238787700.82,AZN,AstraZeneca PLC,equity,Healthcare,UK,,AZN,76032,114.95,8739878.4,3.6601
2026-05-31,Fenchurch Global Asset Management,FGAM-UKI,Fenchurch UK Equity Income Fund,UK Equity Income,239053370.04,AZN,AstraZeneca PLC,equity,Healthcare,UK,,AZN,77661,120.32,9344171.52,3.9088
2026-06-30,Fenchurch Global Asset Management,FGAM-UKI,Fenchurch UK Equity Income Fund,UK Equity Income,235433703.05,AZN,AstraZeneca PLC,equity,Healthcare,UK,,AZN,79249,109.3,8661915.7,3.6791
2026-07-31,Fenchurch Global Asset Management,FGAM-UKI,Fenchurch UK Equity Income Fund,UK Equity Income,237853962.01,AZN,AstraZeneca PLC,equity,Healthcare,UK,,AZN,80526,98.53,7934226.78,3.3358
2026-08-31,Fenchurch Global Asset Management,FGAM-UKI,Fenchurch UK Equity Income Fund,UK Equity Income,235045641.03,AZN,AstraZeneca PLC,equity,Healthcare,UK,,AZN,81616,101.36,8272597.76,3.5196
2026-09-30,Fenchurch Global Asset Management,FGAM-UKI,Fenchurch UK Equity Income Fund,UK Equity Income,236254830.16,AZN,AstraZeneca PLC,equity,Healthcare,UK,,AZN,83784,102.12,8556022.08,3.6215
2025-10-31,Fenchurch Global Asset Management,FGAM-UKI,Fenchurch UK Equity Income Fund,UK Equity Income,231837983.09,GSK,GSK PLC,equity,Healthcare,UK,,GSK,668496,14.71,9833576.16,4.2416
2025-11-30,Fenchurch Global Asset Management,FGAM-UKI,Fenchurch UK Equity Income Fund,UK Equity Income,236487598.64,GSK,GSK PLC,equity,Healthcare,UK,,GSK,674704,16.09,10855987.36,4.5905
2025-12-31,Fenchurch Global Asset Management,FGAM-UKI,Fenchurch UK Equity Income Fund,UK Equity Income,239304049.71,GSK,GSK PLC,equity,Healthcare,UK,,GSK,661198,17.29,11432113.42,4.7772
2026-01-31,Fenchurch Global Asset Management,FGAM-UKI,Fenchurch UK Equity Income Fund,UK Equity Income,240775614.02,GSK,GSK PLC,equity,Healthcare,UK,,GSK,672168,18.62,12515768.16,5.1981
2026-02-28,Fenchurch Global Asset Management,FGAM-UKI,Fenchurch UK Equity Income Fund,UK Equity Income,238705606.08,GSK,GSK PLC,equity,Healthcare,UK,,GSK,666089,17.98,11976280.22,5.0172
2026-03-31,Fenchurch Global Asset Management,FGAM-UKI,Fenchurch UK Equity Income Fund,UK Equity Income,243837358.18,GSK,GSK PLC,equity,Healthcare,UK,,GSK,646838,17.6,11384348.8,4.6688
2026-04-30,Fenchurch Global Asset Management,FGAM-UKI,Fenchurch UK Equity Income Fund,UK Equity Income,238787700.82,GSK,GSK PLC,equity,Healthcare,UK,,GSK,649680,17.66,11473348.8,4.8048
2026-05-31,Fenchurch Global Asset Management,FGAM-UKI,Fenchurch UK Equity Income Fund,UK Equity Income,239053370.04,GSK,GSK PLC,equity,Healthcare,UK,,GSK,649568,18.75,12179400.0,5.0948
2026-06-30,Fenchurch Global Asset Management,FGAM-UKI,Fenchurch UK Equity Income Fund,UK Equity Income,235433703.05,GSK,GSK PLC,equity,Healthcare,UK,,GSK,660539,18.3,12087863.7,5.1343
2026-07-31,Fenchurch Global Asset Management,FGAM-UKI,Fenchurch UK Equity Income Fund,UK Equity Income,237853962.01,GSK,GSK PLC,equity,Healthcare,UK,,GSK,655936,19.88,13040007.68,5.4824
2026-08-31,Fenchurch Global Asset Management,FGAM-UKI,Fenchurch UK Equity Income Fund,UK Equity Income,235045641.03,GSK,GSK PLC,equity,Healthcare,UK,,GSK,653369,20.71,13531271.99,5.7569
2026-09-30,Fenchurch Global Asset Management,FGAM-UKI,Fenchurch UK Equity Income Fund,UK Equity Income,236254830.16,GSK,GSK PLC,equity,Healthcare,UK,,GSK,670170,22.0,14743740.0,6.2406
2025-10-31,Fenchurch Global Asset Management,FGAM-UKI,Fenchurch UK Equity Income Fund,UK Equity Income,231837983.09,LGEN.L,Legal & General Group PLC,equity,Insurance,UK,,LGEN.L,3975517,2.54,10097813.18,4.3555
2025-11-30,Fenchurch Global Asset Management,FGAM-UKI,Fenchurch UK Equity Income Fund,UK Equity Income,236487598.64,LGEN.L,Legal & General Group PLC,equity,Insurance,UK,,LGEN.L,4009418,2.45,9823074.1,4.1537
2025-12-31,Fenchurch Global Asset Management,FGAM-UKI,Fenchurch UK Equity Income Fund,UK Equity Income,239304049.71,LGEN.L,Legal & General Group PLC,equity,Insurance,UK,,LGEN.L,4111582,2.57,10566765.74,4.4156
2026-01-31,Fenchurch Global Asset Management,FGAM-UKI,Fenchurch UK Equity Income Fund,UK Equity Income,240775614.02,LGEN.L,Legal & General Group PLC,equity,Insurance,UK,,LGEN.L,4130652,2.89,11937584.28,4.958
2026-02-28,Fenchurch Global Asset Management,FGAM-UKI,Fenchurch UK Equity Income Fund,UK Equity Income,238705606.08,LGEN.L,Legal & General Group PLC,equity,Insurance,UK,,LGEN.L,4052890,2.93,11874967.7,4.9747
2026-03-31,Fenchurch Global Asset Management,FGAM-UKI,Fenchurch UK Equity Income Fund,UK Equity Income,243837358.18,LGEN.L,Legal & General Group PLC,equity,Insurance,UK,,LGEN.L,4024450,3.58,14407531.0,5.9087
2026-04-30,Fenchurch Global Asset Management,FGAM-UKI,Fenchurch UK Equity Income Fund,UK Equity Income,238787700.82,LGEN.L,Legal & General Group PLC,equity,Insurance,UK,,LGEN.L,4047879,3.17,12831776.43,5.3737
2026-05-31,Fenchurch Global Asset Management,FGAM-UKI,Fenchurch UK Equity Income Fund,UK Equity Income,239053370.04,LGEN.L,Legal & General Group PLC,equity,Insurance,UK,,LGEN.L,3956640,2.93,11592955.2,4.8495
2026-06-30,Fenchurch Global Asset Management,FGAM-UKI,Fenchurch UK Equity Income Fund,UK Equity Income,235433703.05,LGEN.L,Legal & General Group PLC,equity,Insurance,UK,,LGEN.L,3839228,2.84,10903407.52,4.6312
2026-07-31,Fenchurch Global Asset Management,FGAM-UKI,Fenchurch UK Equity Income Fund,UK Equity Income,237853962.01,LGEN.L,Legal & General Group PLC,equity,Insurance,UK,,LGEN.L,3848816,2.87,11046101.92,4.6441
2026-08-31,Fenchurch Global Asset Management,FGAM-UKI,Fenchurch UK Equity Income Fund,UK Equity Income,235045641.03,LGEN.L,Legal & General Group PLC,equity,Insurance,UK,,LGEN.L,3826351,2.76,10560728.76,4.4931
2026-09-30,Fenchurch Global Asset Management,FGAM-UKI,Fenchurch UK Equity Income Fund,UK Equity Income,236254830.16,LGEN.L,Legal & General Group PLC,equity,Insurance,UK,,LGEN.L,3894748,2.8,10905294.4,4.6159
2025-10-31,Fenchurch Global Asset Management,FGAM-UKI,Fenchurch UK Equity Income Fund,UK Equity Income,231837983.09,PRU.L,Prudential PLC,equity,Insurance,UK,,PRU.L,1383214,7.22,9986805.08,4.3077
2025-11-30,Fenchurch Global Asset Management,FGAM-UKI,Fenchurch UK Equity Income Fund,UK Equity Income,236487598.64,PRU.L,Prudential PLC,equity,Insurance,UK,,PRU.L,1390689,6.8,9456685.2,3.9988
2025-12-31,Fenchurch Global Asset Management,FGAM-UKI,Fenchurch UK Equity Income Fund,UK Equity Income,239304049.71,PRU.L,Prudential PLC,equity,Insurance,UK,,PRU.L,1393903,6.88,9590052.64,4.0075
2026-01-31,Fenchurch Global Asset Management,FGAM-UKI,Fenchurch UK Equity Income Fund,UK Equity Income,240775614.02,PRU.L,Prudential PLC,equity,Insurance,UK,,PRU.L,1411845,7.1,10024099.5,4.1633
2026-02-28,Fenchurch Global Asset Management,FGAM-UKI,Fenchurch UK Equity Income Fund,UK Equity Income,238705606.08,PRU.L,Prudential PLC,equity,Insurance,UK,,PRU.L,1401446,7.24,10146469.04,4.2506
2026-03-31,Fenchurch Global Asset Management,FGAM-UKI,Fenchurch UK Equity Income Fund,UK Equity Income,243837358.18,PRU.L,Prudential PLC,equity,Insurance,UK,,PRU.L,1391758,7.16,9964987.28,4.0867
2026-04-30,Fenchurch Global Asset Management,FGAM-UKI,Fenchurch UK Equity Income Fund,UK Equity Income,238787700.82,PRU.L,Prudential PLC,equity,Insurance,UK,,PRU.L,1396001,6.65,9283406.65,3.8877
2026-05-31,Fenchurch Global Asset Management,FGAM-UKI,Fenchurch UK Equity Income Fund,UK Equity Income,239053370.04,PRU.L,Prudential PLC,equity,Insurance,UK,,PRU.L,1423023,6.62,9420412.26,3.9407
2026-06-30,Fenchurch Global Asset Management,FGAM-UKI,Fenchurch UK Equity Income Fund,UK Equity Income,235433703.05,PRU.L,Prudential PLC,equity,Insurance,UK,,PRU.L,1450649,6.46,9371192.54,3.9804
2026-07-31,Fenchurch Global Asset Management,FGAM-UKI,Fenchurch UK Equity Income Fund,UK Equity Income,237853962.01,PRU.L,Prudential PLC,equity,Insurance,UK,,PRU.L,1443237,6.23,8991366.51,3.7802
2026-08-31,Fenchurch Global Asset Management,FGAM-UKI,Fenchurch UK Equity Income Fund,UK Equity Income,235045641.03,PRU.L,Prudential PLC,equity,Insurance,UK,,PRU.L,1450220,6.25,9063875.0,3.8562
2026-09-30,Fenchurch Global Asset Management,FGAM-UKI,Fenchurch UK Equity Income Fund,UK Equity Income,236254830.16,PRU.L,Prudential PLC,equity,Insurance,UK,,PRU.L,1452650,6.71,9747281.5,4.1257
2025-10-31,Fenchurch Global Asset Management,FGAM-UKI,Fenchurch UK Equity Income Fund,UK Equity Income,231837983.09,BA.L,BAE Systems PLC,equity,Industrials,UK,,BA.L,820628,11.52,9453634.56,4.0777
2025-11-30,Fenchurch Global Asset Management,FGAM-UKI,Fenchurch UK Equity Income Fund,UK Equity Income,236487598.64,BA.L,BAE Systems PLC,equity,Industrials,UK,,BA.L,819454,12.17,9972755.18,4.217
2025-12-31,Fenchurch Global Asset Management,FGAM-UKI,Fenchurch UK Equity Income Fund,UK Equity Income,239304049.71,BA.L,BAE Systems PLC,equity,Industrials,UK,,BA.L,835219,12.19,10181319.61,4.2546
2026-01-31,Fenchurch Global Asset Management,FGAM-UKI,Fenchurch UK Equity Income Fund,UK Equity Income,240775614.02,BA.L,BAE Systems PLC,equity,Industrials,UK,,BA.L,835121,13.15,10981841.15,4.561
2026-02-28,Fenchurch Global Asset Management,FGAM-UKI,Fenchurch UK Equity Income Fund,UK Equity Income,238705606.08,BA.L,BAE Systems PLC,equity,Industrials,UK,,BA.L,834566,12.94,10799284.04,4.5241
2026-03-31,Fenchurch Global Asset Management,FGAM-UKI,Fenchurch UK Equity Income Fund,UK Equity Income,243837358.18,BA.L,BAE Systems PLC,equity,Industrials,UK,,BA.L,818534,13.26,10853760.84,4.4512
2026-04-30,Fenchurch Global Asset Management,FGAM-UKI,Fenchurch UK Equity Income Fund,UK Equity Income,238787700.82,BA.L,BAE Systems PLC,equity,Industrials,UK,,BA.L,787416,12.01,9456866.16,3.9604
2026-05-31,Fenchurch Global Asset Management,FGAM-UKI,Fenchurch UK Equity Income Fund,UK Equity Income,239053370.04,BA.L,BAE Systems PLC,equity,Industrials,UK,,BA.L,790017,11.68,9227398.56,3.86
2026-06-30,Fenchurch Global Asset Management,FGAM-UKI,Fenchurch UK Equity Income Fund,UK Equity Income,235433703.05,BA.L,BAE Systems PLC,equity,Industrials,UK,,BA.L,783027,12.56,9834819.12,4.1773
2026-07-31,Fenchurch Global Asset Management,FGAM-UKI,Fenchurch UK Equity Income Fund,UK Equity Income,237853962.01,BA.L,BAE Systems PLC,equity,Industrials,UK,,BA.L,789909,11.87,9376219.83,3.942
2026-08-31,Fenchurch Global Asset Management,FGAM-UKI,Fenchurch UK Equity Income Fund,UK Equity Income,235045641.03,BA.L,BAE Systems PLC,equity,Industrials,UK,,BA.L,784121,12.54,9832877.34,4.1834
2026-09-30,Fenchurch Global Asset Management,FGAM-UKI,Fenchurch UK Equity Income Fund,UK Equity Income,236254830.16,BA.L,BAE Systems PLC,equity,Industrials,UK,,BA.L,792878,12.95,10267770.1,4.3461
2025-10-31,Fenchurch Global Asset Management,FGAM-UKI,Fenchurch UK Equity Income Fund,UK Equity Income,231837983.09,RR.L,Rolls-Royce Holdings PLC,equity,Industrials,UK,,RR.L,606269,4.68,2837338.92,1.2238
2025-11-30,Fenchurch Global Asset Management,FGAM-UKI,Fenchurch UK Equity Income Fund,UK Equity Income,236487598.64,RR.L,Rolls-Royce Holdings PLC,equity,Industrials,UK,,RR.L,600719,4.53,2721257.07,1.1507
2025-12-31,Fenchurch Global Asset Management,FGAM-UKI,Fenchurch UK Equity Income Fund,UK Equity Income,239304049.71,RR.L,Rolls-Royce Holdings PLC,equity,Industrials,UK,,RR.L,600815,4.03,2421284.45,1.0118
2026-01-31,Fenchurch Global Asset Management,FGAM-UKI,Fenchurch UK Equity Income Fund,UK Equity Income,240775614.02,RR.L,Rolls-Royce Holdings PLC,equity,Industrials,UK,,RR.L,610179,3.8,2318680.2,0.963
2026-02-28,Fenchurch Global Asset Management,FGAM-UKI,Fenchurch UK Equity Income Fund,UK Equity Income,238705606.08,RR.L,Rolls-Royce Holdings PLC,equity,Industrials,UK,,RR.L,616658,3.44,2121303.52,0.8887
2026-03-31,Fenchurch Global Asset Management,FGAM-UKI,Fenchurch UK Equity Income Fund,UK Equity Income,243837358.18,RR.L,Rolls-Royce Holdings PLC,equity,Industrials,UK,,RR.L,597806,3.29,1966781.74,0.8066
2026-04-30,Fenchurch Global Asset Management,FGAM-UKI,Fenchurch UK Equity Income Fund,UK Equity Income,238787700.82,RR.L,Rolls-Royce Holdings PLC,equity,Industrials,UK,,RR.L,595577,3.41,2030917.57,0.8505
2026-05-31,Fenchurch Global Asset Management,FGAM-UKI,Fenchurch UK Equity Income Fund,UK Equity Income,239053370.04,RR.L,Rolls-Royce Holdings PLC,equity,Industrials,UK,,RR.L,611570,3.06,1871404.2,0.7828
2026-06-30,Fenchurch Global Asset Management,FGAM-UKI,Fenchurch UK Equity Income Fund,UK Equity Income,235433703.05,RR.L,Rolls-Royce Holdings PLC,equity,Industrials,UK,,RR.L,609554,3.17,1932286.18,0.8207
2026-07-31,Fenchurch Global Asset Management,FGAM-UKI,Fenchurch UK Equity Income Fund,UK Equity Income,237853962.01,RR.L,Rolls-Royce Holdings PLC,equity,Industrials,UK,,RR.L,622553,3.24,2017071.72,0.848
2026-08-31,Fenchurch Global Asset Management,FGAM-UKI,Fenchurch UK Equity Income Fund,UK Equity Income,235045641.03,RR.L,Rolls-Royce Holdings PLC,equity,Industrials,UK,,RR.L,639543,2.97,1899442.71,0.8081
2026-09-30,Fenchurch Global Asset Management,FGAM-UKI,Fenchurch UK Equity Income Fund,UK Equity Income,236254830.16,RR.L,Rolls-Royce Holdings PLC,equity,Industrials,UK,,RR.L,648648,2.68,1738376.64,0.7358
2025-10-31,Fenchurch Global Asset Management,FGAM-UKI,Fenchurch UK Equity Income Fund,UK Equity Income,231837983.09,GOOGL,Alphabet Inc,equity,Technology,US,,GOOGL,18267,151.1,2760143.7,1.1905
2025-11-30,Fenchurch Global Asset Management,FGAM-UKI,Fenchurch UK Equity Income Fund,UK Equity Income,236487598.64,GOOGL,Alphabet Inc,equity,Technology,US,,GOOGL,18428,163.9,3020349.2,1.2772
2025-12-31,Fenchurch Global Asset Management,FGAM-UKI,Fenchurch UK Equity Income Fund,UK Equity Income,239304049.71,GOOGL,Alphabet Inc,equity,Technology,US,,GOOGL,18863,166.69,3144273.47,1.3139
2026-01-31,Fenchurch Global Asset Management,FGAM-UKI,Fenchurch UK Equity Income Fund,UK Equity Income,240775614.02,GOOGL,Alphabet Inc,equity,Technology,US,,GOOGL,18726,162.22,3037731.72,1.2616
2026-02-28,Fenchurch Global Asset Management,FGAM-UKI,Fenchurch UK Equity Income Fund,UK Equity Income,238705606.08,GOOGL,Alphabet Inc,equity,Technology,US,,GOOGL,18636,159.4,2970578.4,1.2445
2026-03-31,Fenchurch Global Asset Management,FGAM-UKI,Fenchurch UK Equity Income Fund,UK Equity Income,243837358.18,GOOGL,Alphabet Inc,equity,Technology,US,,GOOGL,18467,163.32,3016030.44,1.2369
2026-04-30,Fenchurch Global Asset Management,FGAM-UKI,Fenchurch UK Equity Income Fund,UK Equity Income,238787700.82,GOOGL,Alphabet Inc,equity,Technology,US,,GOOGL,18444,150.82,2781724.08,1.1649
2026-05-31,Fenchurch Global Asset Management,FGAM-UKI,Fenchurch UK Equity Income Fund,UK Equity Income,239053370.04,GOOGL,Alphabet Inc,equity,Technology,US,,GOOGL,18392,167.93,3088568.56,1.292
2026-06-30,Fenchurch Global Asset Management,FGAM-UKI,Fenchurch UK Equity Income Fund,UK Equity Income,235433703.05,GOOGL,Alphabet Inc,equity,Technology,US,,GOOGL,18622,178.03,3315274.66,1.4082
2026-07-31,Fenchurch Global Asset Management,FGAM-UKI,Fenchurch UK Equity Income Fund,UK Equity Income,237853962.01,GOOGL,Alphabet Inc,equity,Technology,US,,GOOGL,18799,190.78,3586473.22,1.5078
2026-08-31,Fenchurch Global Asset Management,FGAM-UKI,Fenchurch UK Equity Income Fund,UK Equity Income,235045641.03,GOOGL,Alphabet Inc,equity,Technology,US,,GOOGL,18595,207.67,3861623.65,1.6429
2026-09-30,Fenchurch Global Asset Management,FGAM-UKI,Fenchurch UK Equity Income Fund,UK Equity Income,236254830.16,GOOGL,Alphabet Inc,equity,Technology,US,,GOOGL,18602,205.51,3822897.02,1.6181
2025-10-31,Fenchurch Global Asset Management,FGAM-UKI,Fenchurch UK Equity Income Fund,UK Equity Income,231837983.09,MSFT,Microsoft Corp,equity,Technology,US,,MSFT,6769,411.82,2787609.58,1.2024
2025-11-30,Fenchurch Global Asset Management,FGAM-UKI,Fenchurch UK Equity Income Fund,UK Equity Income,236487598.64,MSFT,Microsoft Corp,equity,Technology,US,,MSFT,6605,390.65,2580243.25,1.0911
2025-12-31,Fenchurch Global Asset Management,FGAM-UKI,Fenchurch UK Equity Income Fund,UK Equity Income,239304049.71,MSFT,Microsoft Corp,equity,Technology,US,,MSFT,6730,360.76,2427914.8,1.0146
2026-01-31,Fenchurch Global Asset Management,FGAM-UKI,Fenchurch UK Equity Income Fund,UK Equity Income,240775614.02,MSFT,Microsoft Corp,equity,Technology,US,,MSFT,6732,373.07,2511507.24,1.0431
2026-02-28,Fenchurch Global Asset Management,FGAM-UKI,Fenchurch UK Equity Income Fund,UK Equity Income,238705606.08,MSFT,Microsoft Corp,equity,Technology,US,,MSFT,6629,352.73,2338247.17,0.9796
2026-03-31,Fenchurch Global Asset Management,FGAM-UKI,Fenchurch UK Equity Income Fund,UK Equity Income,243837358.18,MSFT,Microsoft Corp,equity,Technology,US,,MSFT,6570,351.08,2306595.6,0.946
2026-04-30,Fenchurch Global Asset Management,FGAM-UKI,Fenchurch UK Equity Income Fund,UK Equity Income,238787700.82,MSFT,Microsoft Corp,equity,Technology,US,,MSFT,6526,351.73,2295389.98,0.9613
2026-05-31,Fenchurch Global Asset Management,FGAM-UKI,Fenchurch UK Equity Income Fund,UK Equity Income,239053370.04,MSFT,Microsoft Corp,equity,Technology,US,,MSFT,6376,379.46,2419436.96,1.0121
2026-06-30,Fenchurch Global Asset Management,FGAM-UKI,Fenchurch UK Equity Income Fund,UK Equity Income,235433703.05,MSFT,Microsoft Corp,equity,Technology,US,,MSFT,6515,394.86,2572512.9,1.0927
2026-07-31,Fenchurch Global Asset Management,FGAM-UKI,Fenchurch UK Equity Income Fund,UK Equity Income,237853962.01,MSFT,Microsoft Corp,equity,Technology,US,,MSFT,6463,444.62,2873579.06,1.2081
2026-08-31,Fenchurch Global Asset Management,FGAM-UKI,Fenchurch UK Equity Income Fund,UK Equity Income,235045641.03,MSFT,Microsoft Corp,equity,Technology,US,,MSFT,6510,446.36,2905803.6,1.2363
2026-09-30,Fenchurch Global Asset Management,FGAM-UKI,Fenchurch UK Equity Income Fund,UK Equity Income,236254830.16,MSFT,Microsoft Corp,equity,Technology,US,,MSFT,6449,500.44,3227337.56,1.366
2025-10-31,Fenchurch Global Asset Management,FGAM-UKI,Fenchurch UK Equity Income Fund,UK Equity Income,231837983.09,JPM,JPMorgan Chase & Co,equity,Financials,US,,JPM,13078,211.65,2767958.7,1.1939
2025-11-30,Fenchurch Global Asset Management,FGAM-UKI,Fenchurch UK Equity Income Fund,UK Equity Income,236487598.64,JPM,JPMorgan Chase & Co,equity,Financials,US,,JPM,12838,210.08,2697007.04,1.1404
2025-12-31,Fenchurch Global Asset Management,FGAM-UKI,Fenchurch UK Equity Income Fund,UK Equity Income,239304049.71,JPM,JPMorgan Chase & Co,equity,Financials,US,,JPM,12914,192.72,2488786.08,1.04
2026-01-31,Fenchurch Global Asset Management,FGAM-UKI,Fenchurch UK Equity Income Fund,UK Equity Income,240775614.02,JPM,JPMorgan Chase & Co,equity,Financials,US,,JPM,12688,181.44,2302110.72,0.9561
2026-02-28,Fenchurch Global Asset Management,FGAM-UKI,Fenchurch UK Equity Income Fund,UK Equity Income,238705606.08,JPM,JPMorgan Chase & Co,equity,Financials,US,,JPM,12418,162.37,2016310.66,0.8447
2026-03-31,Fenchurch Global Asset Management,FGAM-UKI,Fenchurch UK Equity Income Fund,UK Equity Income,243837358.18,JPM,JPMorgan Chase & Co,equity,Financials,US,,JPM,12537,160.02,2006170.74,0.8227
2026-04-30,Fenchurch Global Asset Management,FGAM-UKI,Fenchurch UK Equity Income Fund,UK Equity Income,238787700.82,JPM,JPMorgan Chase & Co,equity,Financials,US,,JPM,12634,174.52,2204885.68,0.9234
2026-05-31,Fenchurch Global Asset Management,FGAM-UKI,Fenchurch UK Equity Income Fund,UK Equity Income,239053370.04,JPM,JPMorgan Chase & Co,equity,Financials,US,,JPM,12670,187.83,2379806.1,0.9955
2026-06-30,Fenchurch Global Asset Management,FGAM-UKI,Fenchurch UK Equity Income Fund,UK Equity Income,235433703.05,JPM,JPMorgan Chase & Co,equity,Financials,US,,JPM,12719,185.65,2361282.35,1.003
2026-07-31,Fenchurch Global Asset Management,FGAM-UKI,Fenchurch UK Equity Income Fund,UK Equity Income,237853962.01,JPM,JPMorgan Chase & Co,equity,Financials,US,,JPM,12645,184.45,2332370.25,0.9806
2026-08-31,Fenchurch Global Asset Management,FGAM-UKI,Fenchurch UK Equity Income Fund,UK Equity Income,235045641.03,JPM,JPMorgan Chase & Co,equity,Financials,US,,JPM,12627,175.52,2216291.04,0.9429
2026-09-30,Fenchurch Global Asset Management,FGAM-UKI,Fenchurch UK Equity Income Fund,UK Equity Income,236254830.16,JPM,JPMorgan Chase & Co,equity,Financials,US,,JPM,12580,168.69,2122120.2,0.8982
2025-10-31,Fenchurch Global Asset Management,FGAM-UKI,Fenchurch UK Equity Income Fund,UK Equity Income,231837983.09,NESN,Nestle SA,equity,Consumer Staples,Switzerland,,NESN,28417,98.32,2793959.44,1.2051
2025-11-30,Fenchurch Global Asset Management,FGAM-UKI,Fenchurch UK Equity Income Fund,UK Equity Income,236487598.64,NESN,Nestle SA,equity,Consumer Staples,Switzerland,,NESN,28424,100.19,2847800.56,1.2042
2025-12-31,Fenchurch Global Asset Management,FGAM-UKI,Fenchurch UK Equity Income Fund,UK Equity Income,239304049.71,NESN,Nestle SA,equity,Consumer Staples,Switzerland,,NESN,28008,90.73,2541165.84,1.0619
2026-01-31,Fenchurch Global Asset Management,FGAM-UKI,Fenchurch UK Equity Income Fund,UK Equity Income,240775614.02,NESN,Nestle SA,equity,Consumer Staples,Switzerland,,NESN,28297,97.09,2747355.73,1.141
2026-02-28,Fenchurch Global Asset Management,FGAM-UKI,Fenchurch UK Equity Income Fund,UK Equity Income,238705606.08,NESN,Nestle SA,equity,Consumer Staples,Switzerland,,NESN,28046,92.39,2591169.94,1.0855
2026-03-31,Fenchurch Global Asset Management,FGAM-UKI,Fenchurch UK Equity Income Fund,UK Equity Income,243837358.18,NESN,Nestle SA,equity,Consumer Staples,Switzerland,,NESN,28250,93.74,2648155.0,1.086
2026-04-30,Fenchurch Global Asset Management,FGAM-UKI,Fenchurch UK Equity Income Fund,UK Equity Income,238787700.82,NESN,Nestle SA,equity,Consumer Staples,Switzerland,,NESN,28132,88.97,2502904.04,1.0482
2026-05-31,Fenchurch Global Asset Management,FGAM-UKI,Fenchurch UK Equity Income Fund,UK Equity Income,239053370.04,NESN,Nestle SA,equity,Consumer Staples,Switzerland,,NESN,28568,95.29,2722244.72,1.1388
2026-06-30,Fenchurch Global Asset Management,FGAM-UKI,Fenchurch UK Equity Income Fund,UK Equity Income,235433703.05,NESN,Nestle SA,equity,Consumer Staples,Switzerland,,NESN,29162,89.38,2606499.56,1.1071
2026-07-31,Fenchurch Global Asset Management,FGAM-UKI,Fenchurch UK Equity Income Fund,UK Equity Income,237853962.01,NESN,Nestle SA,equity,Consumer Staples,Switzerland,,NESN,29115,90.76,2642477.4,1.111
2026-08-31,Fenchurch Global Asset Management,FGAM-UKI,Fenchurch UK Equity Income Fund,UK Equity Income,235045641.03,NESN,Nestle SA,equity,Consumer Staples,Switzerland,,NESN,29259,91.48,2676613.32,1.1388
2026-09-30,Fenchurch Global Asset Management,FGAM-UKI,Fenchurch UK Equity Income Fund,UK Equity Income,236254830.16,NESN,Nestle SA,equity,Consumer Staples,Switzerland,,NESN,29143,89.32,2603052.76,1.1018
2025-10-31,Fenchurch Global Asset Management,FGAM-UKI,Fenchurch UK Equity Income Fund,UK Equity Income,231837983.09,SIE,Siemens AG,equity,Industrials,Germany,,SIE,14300,192.94,2759042.0,1.1901
2025-11-30,Fenchurch Global Asset Management,FGAM-UKI,Fenchurch UK Equity Income Fund,UK Equity Income,236487598.64,SIE,Siemens AG,equity,Industrials,Germany,,SIE,14189,186.13,2640998.57,1.1168
2025-12-31,Fenchurch Global Asset Management,FGAM-UKI,Fenchurch UK Equity Income Fund,UK Equity Income,239304049.71,SIE,Siemens AG,equity,Industrials,Germany,,SIE,13936,186.13,2593907.68,1.0839
2026-01-31,Fenchurch Global Asset Management,FGAM-UKI,Fenchurch UK Equity Income Fund,UK Equity Income,240775614.02,SIE,Siemens AG,equity,Industrials,Germany,,SIE,13846,175.55,2430665.3,1.0095
2026-02-28,Fenchurch Global Asset Management,FGAM-UKI,Fenchurch UK Equity Income Fund,UK Equity Income,238705606.08,SIE,Siemens AG,equity,Industrials,Germany,,SIE,13677,187.6,2565805.2,1.0749
2026-03-31,Fenchurch Global Asset Management,FGAM-UKI,Fenchurch UK Equity Income Fund,UK Equity Income,243837358.18,SIE,Siemens AG,equity,Industrials,Germany,,SIE,13784,187.86,2589462.24,1.062
2026-04-30,Fenchurch Global Asset Management,FGAM-UKI,Fenchurch UK Equity Income Fund,UK Equity Income,238787700.82,SIE,Siemens AG,equity,Industrials,Germany,,SIE,13789,188.44,2598399.16,1.0882
2026-05-31,Fenchurch Global Asset Management,FGAM-UKI,Fenchurch UK Equity Income Fund,UK Equity Income,239053370.04,SIE,Siemens AG,equity,Industrials,Germany,,SIE,13818,175.21,2421051.78,1.0128
2026-06-30,Fenchurch Global Asset Management,FGAM-UKI,Fenchurch UK Equity Income Fund,UK Equity Income,235433703.05,SIE,Siemens AG,equity,Industrials,Germany,,SIE,13974,162.1,2265185.4,0.9621
2026-07-31,Fenchurch Global Asset Management,FGAM-UKI,Fenchurch UK Equity Income Fund,UK Equity Income,237853962.01,SIE,Siemens AG,equity,Industrials,Germany,,SIE,14251,159.02,2266194.02,0.9528
2026-08-31,Fenchurch Global Asset Management,FGAM-UKI,Fenchurch UK Equity Income Fund,UK Equity Income,235045641.03,SIE,Siemens AG,equity,Industrials,Germany,,SIE,14462,164.55,2379722.1,1.0125
2026-09-30,Fenchurch Global Asset Management,FGAM-UKI,Fenchurch UK Equity Income Fund,UK Equity Income,236254830.16,SIE,Siemens AG,equity,Industrials,Germany,,SIE,14622,146.08,2135981.76,0.9041
2025-10-31,Fenchurch Global Asset Management,FGAM-BAL,Fenchurch Balanced Growth Fund,Balanced Growth,438901365.5,AAPL,Apple Inc,equity,Technology,US,,AAPL,119804,191.35,22924495.4,5.2232
2025-11-30,Fenchurch Global Asset Management,FGAM-BAL,Fenchurch Balanced Growth Fund,Balanced Growth,443090566.13,AAPL,Apple Inc,equity,Technology,US,,AAPL,117904,200.11,23593769.44,5.3248
2025-12-31,Fenchurch Global Asset Management,FGAM-BAL,Fenchurch Balanced Growth Fund,Balanced Growth,439688517.44,AAPL,Apple Inc,equity,Technology,US,,AAPL,117897,198.48,23400196.56,5.322
2026-01-31,Fenchurch Global Asset Management,FGAM-BAL,Fenchurch Balanced Growth Fund,Balanced Growth,435655716.07,AAPL,Apple Inc,equity,Technology,US,,AAPL,117334,176.64,20725877.76,4.7574
2026-02-28,Fenchurch Global Asset Management,FGAM-BAL,Fenchurch Balanced Growth Fund,Balanced Growth,434788224.76,AAPL,Apple Inc,equity,Technology,US,,AAPL,119074,220.55,26261770.7,6.0401
2026-03-31,Fenchurch Global Asset Management,FGAM-BAL,Fenchurch Balanced Growth Fund,Balanced Growth,430373410.72,AAPL,Apple Inc,equity,Technology,US,,AAPL,120863,202.9,24523102.7,5.6981
2026-04-30,Fenchurch Global Asset Management,FGAM-BAL,Fenchurch Balanced Growth Fund,Balanced Growth,437861865.57,AAPL,Apple Inc,equity,Technology,US,,AAPL,120010,239.2,28706392.0,6.556
2026-05-31,Fenchurch Global Asset Management,FGAM-BAL,Fenchurch Balanced Growth Fund,Balanced Growth,433351220.89,AAPL,Apple Inc,equity,Technology,US,,AAPL,121399,193.31,23467640.69,5.4154
2026-06-30,Fenchurch Global Asset Management,FGAM-BAL,Fenchurch Balanced Growth Fund,Balanced Growth,432454206.96,AAPL,Apple Inc,equity,Technology,US,,AAPL,121583,196.55,23897138.65,5.5259
2026-07-31,Fenchurch Global Asset Management,FGAM-BAL,Fenchurch Balanced Growth Fund,Balanced Growth,442214842.61,AAPL,Apple Inc,equity,Technology,US,,AAPL,120583,195.82,23612563.06,5.3396
2026-08-31,Fenchurch Global Asset Management,FGAM-BAL,Fenchurch Balanced Growth Fund,Balanced Growth,455913294.09,AAPL,Apple Inc,equity,Technology,US,,AAPL,121359,236.2,28664995.8,6.2874
2026-09-30,Fenchurch Global Asset Management,FGAM-BAL,Fenchurch Balanced Growth Fund,Balanced Growth,461044278.6,AAPL,Apple Inc,equity,Technology,US,,AAPL,125437,247.91,31097086.67,6.7449
2025-10-31,Fenchurch Global Asset Management,FGAM-BAL,Fenchurch Balanced Growth Fund,Balanced Growth,438901365.5,MSFT,Microsoft Corp,equity,Technology,US,,MSFT,55415,411.82,22821005.3,5.1996
2025-11-30,Fenchurch Global Asset Management,FGAM-BAL,Fenchurch Balanced Growth Fund,Balanced Growth,443090566.13,MSFT,Microsoft Corp,equity,Technology,US,,MSFT,54987,390.65,21480671.55,4.8479
2025-12-31,Fenchurch Global Asset Management,FGAM-BAL,Fenchurch Balanced Growth Fund,Balanced Growth,439688517.44,MSFT,Microsoft Corp,equity,Technology,US,,MSFT,57177,360.76,20627174.52,4.6913
2026-01-31,Fenchurch Global Asset Management,FGAM-BAL,Fenchurch Balanced Growth Fund,Balanced Growth,435655716.07,MSFT,Microsoft Corp,equity,Technology,US,,MSFT,56030,373.07,20903112.1,4.7981
2026-02-28,Fenchurch Global Asset Management,FGAM-BAL,Fenchurch Balanced Growth Fund,Balanced Growth,434788224.76,MSFT,Microsoft Corp,equity,Technology,US,,MSFT,55387,352.73,19536656.51,4.4934
2026-03-31,Fenchurch Global Asset Management,FGAM-BAL,Fenchurch Balanced Growth Fund,Balanced Growth,430373410.72,MSFT,Microsoft Corp,equity,Technology,US,,MSFT,53353,351.08,18731171.24,4.3523
2026-04-30,Fenchurch Global Asset Management,FGAM-BAL,Fenchurch Balanced Growth Fund,Balanced Growth,437861865.57,MSFT,Microsoft Corp,equity,Technology,US,,MSFT,54092,351.73,19025779.16,4.3452
2026-05-31,Fenchurch Global Asset Management,FGAM-BAL,Fenchurch Balanced Growth Fund,Balanced Growth,433351220.89,MSFT,Microsoft Corp,equity,Technology,US,,MSFT,53830,379.46,20426331.8,4.7136
2026-06-30,Fenchurch Global Asset Management,FGAM-BAL,Fenchurch Balanced Growth Fund,Balanced Growth,432454206.96,MSFT,Microsoft Corp,equity,Technology,US,,MSFT,53882,394.86,21275846.52,4.9198
2026-07-31,Fenchurch Global Asset Management,FGAM-BAL,Fenchurch Balanced Growth Fund,Balanced Growth,442214842.61,MSFT,Microsoft Corp,equity,Technology,US,,MSFT,53199,444.62,23653339.38,5.3488
2026-08-31,Fenchurch Global Asset Management,FGAM-BAL,Fenchurch Balanced Growth Fund,Balanced Growth,455913294.09,MSFT,Microsoft Corp,equity,Technology,US,,MSFT,52958,446.36,23638332.88,5.1848
2026-09-30,Fenchurch Global Asset Management,FGAM-BAL,Fenchurch Balanced Growth Fund,Balanced Growth,461044278.6,MSFT,Microsoft Corp,equity,Technology,US,,MSFT,54168,500.44,27107833.92,5.8797
2025-10-31,Fenchurch Global Asset Management,FGAM-BAL,Fenchurch Balanced Growth Fund,Balanced Growth,438901365.5,JNJ,Johnson & Johnson,equity,Healthcare,US,,JNJ,160048,142.36,22784433.28,5.1912
2025-11-30,Fenchurch Global Asset Management,FGAM-BAL,Fenchurch Balanced Growth Fund,Balanced Growth,443090566.13,JNJ,Johnson & Johnson,equity,Healthcare,US,,JNJ,159006,141.55,22507299.3,5.0796
2025-12-31,Fenchurch Global Asset Management,FGAM-BAL,Fenchurch Balanced Growth Fund,Balanced Growth,439688517.44,JNJ,Johnson & Johnson,equity,Healthcare,US,,JNJ,159841,143.12,22876443.92,5.2029
2026-01-31,Fenchurch Global Asset Management,FGAM-BAL,Fenchurch Balanced Growth Fund,Balanced Growth,435655716.07,JNJ,Johnson & Johnson,equity,Healthcare,US,,JNJ,160228,142.1,22768398.8,5.2262
2026-02-28,Fenchurch Global Asset Management,FGAM-BAL,Fenchurch Balanced Growth Fund,Balanced Growth,434788224.76,JNJ,Johnson & Johnson,equity,Healthcare,US,,JNJ,163840,137.28,22491955.2,5.1731
2026-03-31,Fenchurch Global Asset Management,FGAM-BAL,Fenchurch Balanced Growth Fund,Balanced Growth,430373410.72,JNJ,Johnson & Johnson,equity,Healthcare,US,,JNJ,163035,140.02,22828160.7,5.3043
2026-04-30,Fenchurch Global Asset Management,FGAM-BAL,Fenchurch Balanced Growth Fund,Balanced Growth,437861865.57,JNJ,Johnson & Johnson,equity,Healthcare,US,,JNJ,159596,143.79,22948308.84,5.241
2026-05-31,Fenchurch Global Asset Management,FGAM-BAL,Fenchurch Balanced Growth Fund,Balanced Growth,433351220.89,JNJ,Johnson & Johnson,equity,Healthcare,US,,JNJ,160166,126.94,20331472.04,4.6917
2026-06-30,Fenchurch Global Asset Management,FGAM-BAL,Fenchurch Balanced Growth Fund,Balanced Growth,432454206.96,JNJ,Johnson & Johnson,equity,Healthcare,US,,JNJ,160996,130.91,21075986.36,4.8736
2026-07-31,Fenchurch Global Asset Management,FGAM-BAL,Fenchurch Balanced Growth Fund,Balanced Growth,442214842.61,JNJ,Johnson & Johnson,equity,Healthcare,US,,JNJ,160324,141.56,22695465.44,5.1322
2026-08-31,Fenchurch Global Asset Management,FGAM-BAL,Fenchurch Balanced Growth Fund,Balanced Growth,455913294.09,JNJ,Johnson & Johnson,equity,Healthcare,US,,JNJ,162709,137.38,22352962.42,4.9029
2026-09-30,Fenchurch Global Asset Management,FGAM-BAL,Fenchurch Balanced Growth Fund,Balanced Growth,461044278.6,JNJ,Johnson & Johnson,equity,Healthcare,US,,JNJ,162192,143.59,23289149.28,5.0514
2025-10-31,Fenchurch Global Asset Management,FGAM-BAL,Fenchurch Balanced Growth Fund,Balanced Growth,438901365.5,PG,Procter & Gamble Co,equity,Consumer Staples,US,,PG,139202,165.05,22975290.1,5.2347
2025-11-30,Fenchurch Global Asset Management,FGAM-BAL,Fenchurch Balanced Growth Fund,Balanced Growth,443090566.13,PG,Procter & Gamble Co,equity,Consumer Staples,US,,PG,137448,155.37,21355295.76,4.8196
2025-12-31,Fenchurch Global Asset Management,FGAM-BAL,Fenchurch Balanced Growth Fund,Balanced Growth,439688517.44,PG,Procter & Gamble Co,equity,Consumer Staples,US,,PG,136296,152.09,20729258.64,4.7145
2026-01-31,Fenchurch Global Asset Management,FGAM-BAL,Fenchurch Balanced Growth Fund,Balanced Growth,435655716.07,PG,Procter & Gamble Co,equity,Consumer Staples,US,,PG,134613,158.21,21297122.73,4.8885
2026-02-28,Fenchurch Global Asset Management,FGAM-BAL,Fenchurch Balanced Growth Fund,Balanced Growth,434788224.76,PG,Procter & Gamble Co,equity,Consumer Staples,US,,PG,132533,147.37,19531388.21,4.4922
2026-03-31,Fenchurch Global Asset Management,FGAM-BAL,Fenchurch Balanced Growth Fund,Balanced Growth,430373410.72,PG,Procter & Gamble Co,equity,Consumer Staples,US,,PG,134686,136.24,18349620.64,4.2637
2026-04-30,Fenchurch Global Asset Management,FGAM-BAL,Fenchurch Balanced Growth Fund,Balanced Growth,437861865.57,PG,Procter & Gamble Co,equity,Consumer Staples,US,,PG,131380,151.44,19896187.2,4.5439
2026-05-31,Fenchurch Global Asset Management,FGAM-BAL,Fenchurch Balanced Growth Fund,Balanced Growth,433351220.89,PG,Procter & Gamble Co,equity,Consumer Staples,US,,PG,132994,133.75,17787947.5,4.1047
2026-06-30,Fenchurch Global Asset Management,FGAM-BAL,Fenchurch Balanced Growth Fund,Balanced Growth,432454206.96,PG,Procter & Gamble Co,equity,Consumer Staples,US,,PG,134194,141.6,19001870.4,4.394
2026-07-31,Fenchurch Global Asset Management,FGAM-BAL,Fenchurch Balanced Growth Fund,Balanced Growth,442214842.61,PG,Procter & Gamble Co,equity,Consumer Staples,US,,PG,133644,144.31,19286165.64,4.3613
2026-08-31,Fenchurch Global Asset Management,FGAM-BAL,Fenchurch Balanced Growth Fund,Balanced Growth,455913294.09,PG,Procter & Gamble Co,equity,Consumer Staples,US,,PG,136264,144.41,19677884.24,4.3161
2026-09-30,Fenchurch Global Asset Management,FGAM-BAL,Fenchurch Balanced Growth Fund,Balanced Growth,461044278.6,PG,Procter & Gamble Co,equity,Consumer Staples,US,,PG,138047,145.37,20067892.39,4.3527
2025-10-31,Fenchurch Global Asset Management,FGAM-BAL,Fenchurch Balanced Growth Fund,Balanced Growth,438901365.5,CAT,Caterpillar Inc,equity,Industrials,US,,CAT,70313,327.08,22997976.04,5.2399
2025-11-30,Fenchurch Global Asset Management,FGAM-BAL,Fenchurch Balanced Growth Fund,Balanced Growth,443090566.13,CAT,Caterpillar Inc,equity,Industrials,US,,CAT,72105,374.18,26980248.9,6.0891
2025-12-31,Fenchurch Global Asset Management,FGAM-BAL,Fenchurch Balanced Growth Fund,Balanced Growth,439688517.44,CAT,Caterpillar Inc,equity,Industrials,US,,CAT,72844,344.73,25111512.12,5.7112
2026-01-31,Fenchurch Global Asset Management,FGAM-BAL,Fenchurch Balanced Growth Fund,Balanced Growth,435655716.07,CAT,Caterpillar Inc,equity,Industrials,US,,CAT,71415,328.37,23450543.55,5.3828
2026-02-28,Fenchurch Global Asset Management,FGAM-BAL,Fenchurch Balanced Growth Fund,Balanced Growth,434788224.76,CAT,Caterpillar Inc,equity,Industrials,US,,CAT,71169,327.11,23280091.59,5.3544
2026-03-31,Fenchurch Global Asset Management,FGAM-BAL,Fenchurch Balanced Growth Fund,Balanced Growth,430373410.72,CAT,Caterpillar Inc,equity,Industrials,US,,CAT,70773,290.93,20589988.89,4.7842
2026-04-30,Fenchurch Global Asset Management,FGAM-BAL,Fenchurch Balanced Growth Fund,Balanced Growth,437861865.57,CAT,Caterpillar Inc,equity,Industrials,US,,CAT,70369,269.8,18985556.2,4.336
2026-05-31,Fenchurch Global Asset Management,FGAM-BAL,Fenchurch Balanced Growth Fund,Balanced Growth,433351220.89,CAT,Caterpillar Inc,equity,Industrials,US,,CAT,70082,289.23,20269816.86,4.6775
2026-06-30,Fenchurch Global Asset Management,FGAM-BAL,Fenchurch Balanced Growth Fund,Balanced Growth,432454206.96,CAT,Caterpillar Inc,equity,Industrials,US,,CAT,70483,285.36,20113028.88,4.6509
2026-07-31,Fenchurch Global Asset Management,FGAM-BAL,Fenchurch Balanced Growth Fund,Balanced Growth,442214842.61,CAT,Caterpillar Inc,equity,Industrials,US,,CAT,71420,320.94,22921534.8,5.1833
2026-08-31,Fenchurch Global Asset Management,FGAM-BAL,Fenchurch Balanced Growth Fund,Balanced Growth,455913294.09,CAT,Caterpillar Inc,equity,Industrials,US,,CAT,69303,330.71,22919195.13,5.0271
2026-09-30,Fenchurch Global Asset Management,FGAM-BAL,Fenchurch Balanced Growth Fund,Balanced Growth,461044278.6,CAT,Caterpillar Inc,equity,Industrials,US,,CAT,68904,317.6,21883910.4,4.7466
2025-10-31,Fenchurch Global Asset Management,FGAM-BAL,Fenchurch Balanced Growth Fund,Balanced Growth,438901365.5,SIE,Siemens AG,equity,Industrials,Germany,,SIE,118456,192.94,22854900.64,5.2073
2025-11-30,Fenchurch Global Asset Management,FGAM-BAL,Fenchurch Balanced Growth Fund,Balanced Growth,443090566.13,SIE,Siemens AG,equity,Industrials,Germany,,SIE,119550,186.13,22251841.5,5.022
2025-12-31,Fenchurch Global Asset Management,FGAM-BAL,Fenchurch Balanced Growth Fund,Balanced Growth,439688517.44,SIE,Siemens AG,equity,Industrials,Germany,,SIE,123010,186.13,22895851.3,5.2073
2026-01-31,Fenchurch Global Asset Management,FGAM-BAL,Fenchurch Balanced Growth Fund,Balanced Growth,435655716.07,SIE,Siemens AG,equity,Industrials,Germany,,SIE,125474,175.55,22026960.7,5.056
2026-02-28,Fenchurch Global Asset Management,FGAM-BAL,Fenchurch Balanced Growth Fund,Balanced Growth,434788224.76,SIE,Siemens AG,equity,Industrials,Germany,,SIE,127337,187.6,23888421.2,5.4943
2026-03-31,Fenchurch Global Asset Management,FGAM-BAL,Fenchurch Balanced Growth Fund,Balanced Growth,430373410.72,SIE,Siemens AG,equity,Industrials,Germany,,SIE,126004,187.86,23671111.44,5.5001
2026-04-30,Fenchurch Global Asset Management,FGAM-BAL,Fenchurch Balanced Growth Fund,Balanced Growth,437861865.57,SIE,Siemens AG,equity,Industrials,Germany,,SIE,125815,188.44,23708578.6,5.4146
2026-05-31,Fenchurch Global Asset Management,FGAM-BAL,Fenchurch Balanced Growth Fund,Balanced Growth,433351220.89,SIE,Siemens AG,equity,Industrials,Germany,,SIE,124579,175.21,21827486.59,5.0369
2026-06-30,Fenchurch Global Asset Management,FGAM-BAL,Fenchurch Balanced Growth Fund,Balanced Growth,432454206.96,SIE,Siemens AG,equity,Industrials,Germany,,SIE,125162,162.1,20288760.2,4.6915
2026-07-31,Fenchurch Global Asset Management,FGAM-BAL,Fenchurch Balanced Growth Fund,Balanced Growth,442214842.61,SIE,Siemens AG,equity,Industrials,Germany,,SIE,122946,159.02,19550872.92,4.4211
2026-08-31,Fenchurch Global Asset Management,FGAM-BAL,Fenchurch Balanced Growth Fund,Balanced Growth,455913294.09,SIE,Siemens AG,equity,Industrials,Germany,,SIE,124189,164.55,20435299.95,4.4823
2026-09-30,Fenchurch Global Asset Management,FGAM-BAL,Fenchurch Balanced Growth Fund,Balanced Growth,461044278.6,SIE,Siemens AG,equity,Industrials,Germany,,SIE,121004,146.08,17676264.32,3.834
2025-10-31,Fenchurch Global Asset Management,FGAM-BAL,Fenchurch Balanced Growth Fund,Balanced Growth,438901365.5,DGE,Diageo PLC,equity,Consumer Staples,UK,,DGE,884039,25.85,22852408.15,5.2067
2025-11-30,Fenchurch Global Asset Management,FGAM-BAL,Fenchurch Balanced Growth Fund,Balanced Growth,443090566.13,DGE,Diageo PLC,equity,Consumer Staples,UK,,DGE,893673,24.75,22118406.75,4.9918
2025-12-31,Fenchurch Global Asset Management,FGAM-BAL,Fenchurch Balanced Growth Fund,Balanced Growth,439688517.44,DGE,Diageo PLC,equity,Consumer Staples,UK,,DGE,921309,25.62,23603936.58,5.3683
2026-01-31,Fenchurch Global Asset Management,FGAM-BAL,Fenchurch Balanced Growth Fund,Balanced Growth,435655716.07,DGE,Diageo PLC,equity,Consumer Staples,UK,,DGE,916932,26.11,23941094.52,5.4954
2026-02-28,Fenchurch Global Asset Management,FGAM-BAL,Fenchurch Balanced Growth Fund,Balanced Growth,434788224.76,DGE,Diageo PLC,equity,Consumer Staples,UK,,DGE,913975,26.61,24320874.75,5.5937
2026-03-31,Fenchurch Global Asset Management,FGAM-BAL,Fenchurch Balanced Growth Fund,Balanced Growth,430373410.72,DGE,Diageo PLC,equity,Consumer Staples,UK,,DGE,906618,29.29,26554841.22,6.1702
2026-04-30,Fenchurch Global Asset Management,FGAM-BAL,Fenchurch Balanced Growth Fund,Balanced Growth,437861865.57,DGE,Diageo PLC,equity,Consumer Staples,UK,,DGE,909139,30.53,27756013.67,6.339
2026-05-31,Fenchurch Global Asset Management,FGAM-BAL,Fenchurch Balanced Growth Fund,Balanced Growth,433351220.89,DGE,Diageo PLC,equity,Consumer Staples,UK,,DGE,924424,31.6,29211798.4,6.7409
2026-06-30,Fenchurch Global Asset Management,FGAM-BAL,Fenchurch Balanced Growth Fund,Balanced Growth,432454206.96,DGE,Diageo PLC,equity,Consumer Staples,UK,,DGE,920618,30.93,28474714.74,6.5844
2026-07-31,Fenchurch Global Asset Management,FGAM-BAL,Fenchurch Balanced Growth Fund,Balanced Growth,442214842.61,DGE,Diageo PLC,equity,Consumer Staples,UK,,DGE,915517,28.45,26046458.65,5.89
2026-08-31,Fenchurch Global Asset Management,FGAM-BAL,Fenchurch Balanced Growth Fund,Balanced Growth,455913294.09,DGE,Diageo PLC,equity,Consumer Staples,UK,,DGE,906037,29.43,26664668.91,5.8486
2026-09-30,Fenchurch Global Asset Management,FGAM-BAL,Fenchurch Balanced Growth Fund,Balanced Growth,461044278.6,DGE,Diageo PLC,equity,Consumer Staples,UK,,DGE,908614,29.07,26413408.98,5.729
2025-10-31,Fenchurch Global Asset Management,FGAM-BAL,Fenchurch Balanced Growth Fund,Balanced Growth,438901365.5,KO,Coca-Cola Co,equity,Consumer Staples,US,,KO,344127,66.76,22973918.52,5.2344
2025-11-30,Fenchurch Global Asset Management,FGAM-BAL,Fenchurch Balanced Growth Fund,Balanced Growth,443090566.13,KO,Coca-Cola Co,equity,Consumer Staples,US,,KO,343863,64.62,22220427.06,5.0149
2025-12-31,Fenchurch Global Asset Management,FGAM-BAL,Fenchurch Balanced Growth Fund,Balanced Growth,439688517.44,KO,Coca-Cola Co,equity,Consumer Staples,US,,KO,341859,63.09,21567884.31,4.9053
2026-01-31,Fenchurch Global Asset Management,FGAM-BAL,Fenchurch Balanced Growth Fund,Balanced Growth,435655716.07,KO,Coca-Cola Co,equity,Consumer Staples,US,,KO,336194,66.41,22326643.54,5.1248
2026-02-28,Fenchurch Global Asset Management,FGAM-BAL,Fenchurch Balanced Growth Fund,Balanced Growth,434788224.76,KO,Coca-Cola Co,equity,Consumer Staples,US,,KO,333332,66.05,22016578.6,5.0637
2026-03-31,Fenchurch Global Asset Management,FGAM-BAL,Fenchurch Balanced Growth Fund,Balanced Growth,430373410.72,KO,Coca-Cola Co,equity,Consumer Staples,US,,KO,344678,64.47,22221390.66,5.1633
2026-04-30,Fenchurch Global Asset Management,FGAM-BAL,Fenchurch Balanced Growth Fund,Balanced Growth,437861865.57,KO,Coca-Cola Co,equity,Consumer Staples,US,,KO,352567,68.16,24030966.72,5.4883
2026-05-31,Fenchurch Global Asset Management,FGAM-BAL,Fenchurch Balanced Growth Fund,Balanced Growth,433351220.89,KO,Coca-Cola Co,equity,Consumer Staples,US,,KO,348334,65.8,22920377.2,5.2891
2026-06-30,Fenchurch Global Asset Management,FGAM-BAL,Fenchurch Balanced Growth Fund,Balanced Growth,432454206.96,KO,Coca-Cola Co,equity,Consumer Staples,US,,KO,351873,63.17,22227817.41,5.1399
2026-07-31,Fenchurch Global Asset Management,FGAM-BAL,Fenchurch Balanced Growth Fund,Balanced Growth,442214842.61,KO,Coca-Cola Co,equity,Consumer Staples,US,,KO,351807,62.0,21812034.0,4.9325
2026-08-31,Fenchurch Global Asset Management,FGAM-BAL,Fenchurch Balanced Growth Fund,Balanced Growth,455913294.09,KO,Coca-Cola Co,equity,Consumer Staples,US,,KO,352252,59.52,20966039.04,4.5987
2026-09-30,Fenchurch Global Asset Management,FGAM-BAL,Fenchurch Balanced Growth Fund,Balanced Growth,461044278.6,KO,Coca-Cola Co,equity,Consumer Staples,US,,KO,345419,60.83,21011837.77,4.5574
2025-10-31,Fenchurch Global Asset Management,FGAM-BAL,Fenchurch Balanced Growth Fund,Balanced Growth,438901365.5,NESN,Nestle SA,equity,Consumer Staples,Switzerland,,NESN,226542,98.32,22273609.44,5.0749
2025-11-30,Fenchurch Global Asset Management,FGAM-BAL,Fenchurch Balanced Growth Fund,Balanced Growth,443090566.13,NESN,Nestle SA,equity,Consumer Staples,Switzerland,,NESN,226268,100.19,22669790.92,5.1163
2025-12-31,Fenchurch Global Asset Management,FGAM-BAL,Fenchurch Balanced Growth Fund,Balanced Growth,439688517.44,NESN,Nestle SA,equity,Consumer Staples,Switzerland,,NESN,231085,90.73,20966342.05,4.7685
2026-01-31,Fenchurch Global Asset Management,FGAM-BAL,Fenchurch Balanced Growth Fund,Balanced Growth,435655716.07,NESN,Nestle SA,equity,Consumer Staples,Switzerland,,NESN,231495,97.09,22475849.55,5.1591
2026-02-28,Fenchurch Global Asset Management,FGAM-BAL,Fenchurch Balanced Growth Fund,Balanced Growth,434788224.76,NESN,Nestle SA,equity,Consumer Staples,Switzerland,,NESN,224422,92.39,20734348.58,4.7688
2026-03-31,Fenchurch Global Asset Management,FGAM-BAL,Fenchurch Balanced Growth Fund,Balanced Growth,430373410.72,NESN,Nestle SA,equity,Consumer Staples,Switzerland,,NESN,225203,93.74,21110529.22,4.9052
2026-04-30,Fenchurch Global Asset Management,FGAM-BAL,Fenchurch Balanced Growth Fund,Balanced Growth,437861865.57,NESN,Nestle SA,equity,Consumer Staples,Switzerland,,NESN,226067,88.97,20113180.99,4.5935
2026-05-31,Fenchurch Global Asset Management,FGAM-BAL,Fenchurch Balanced Growth Fund,Balanced Growth,433351220.89,NESN,Nestle SA,equity,Consumer Staples,Switzerland,,NESN,220065,95.29,20969993.85,4.839
2026-06-30,Fenchurch Global Asset Management,FGAM-BAL,Fenchurch Balanced Growth Fund,Balanced Growth,432454206.96,NESN,Nestle SA,equity,Consumer Staples,Switzerland,,NESN,215884,89.38,19295711.92,4.4619
2026-07-31,Fenchurch Global Asset Management,FGAM-BAL,Fenchurch Balanced Growth Fund,Balanced Growth,442214842.61,NESN,Nestle SA,equity,Consumer Staples,Switzerland,,NESN,210345,90.76,19090912.2,4.3171
2026-08-31,Fenchurch Global Asset Management,FGAM-BAL,Fenchurch Balanced Growth Fund,Balanced Growth,455913294.09,NESN,Nestle SA,equity,Consumer Staples,Switzerland,,NESN,208796,91.48,19100658.08,4.1895
2026-09-30,Fenchurch Global Asset Management,FGAM-BAL,Fenchurch Balanced Growth Fund,Balanced Growth,461044278.6,NESN,Nestle SA,equity,Consumer Staples,Switzerland,,NESN,208221,89.32,18598299.72,4.034
2025-10-31,Fenchurch Global Asset Management,FGAM-BAL,Fenchurch Balanced Growth Fund,Balanced Growth,438901365.5,AZN,AstraZeneca PLC,equity,Healthcare,UK,,AZN,173112,133.01,23025627.12,5.2462
2025-11-30,Fenchurch Global Asset Management,FGAM-BAL,Fenchurch Balanced Growth Fund,Balanced Growth,443090566.13,AZN,AstraZeneca PLC,equity,Healthcare,UK,,AZN,176474,142.25,25103426.5,5.6655
2025-12-31,Fenchurch Global Asset Management,FGAM-BAL,Fenchurch Balanced Growth Fund,Balanced Growth,439688517.44,AZN,AstraZeneca PLC,equity,Healthcare,UK,,AZN,174921,142.41,24910499.61,5.6655
2026-01-31,Fenchurch Global Asset Management,FGAM-BAL,Fenchurch Balanced Growth Fund,Balanced Growth,435655716.07,AZN,AstraZeneca PLC,equity,Healthcare,UK,,AZN,175316,136.3,23895570.8,5.485
2026-02-28,Fenchurch Global Asset Management,FGAM-BAL,Fenchurch Balanced Growth Fund,Balanced Growth,434788224.76,AZN,AstraZeneca PLC,equity,Healthcare,UK,,AZN,175655,135.51,23803009.05,5.4746
2026-03-31,Fenchurch Global Asset Management,FGAM-BAL,Fenchurch Balanced Growth Fund,Balanced Growth,430373410.72,AZN,AstraZeneca PLC,equity,Healthcare,UK,,AZN,177795,124.69,22169258.55,5.1512
2026-04-30,Fenchurch Global Asset Management,FGAM-BAL,Fenchurch Balanced Growth Fund,Balanced Growth,437861865.57,AZN,AstraZeneca PLC,equity,Healthcare,UK,,AZN,180597,114.95,20759625.15,4.7411
2026-05-31,Fenchurch Global Asset Management,FGAM-BAL,Fenchurch Balanced Growth Fund,Balanced Growth,433351220.89,AZN,AstraZeneca PLC,equity,Healthcare,UK,,AZN,178509,120.32,21478202.88,4.9563
2026-06-30,Fenchurch Global Asset Management,FGAM-BAL,Fenchurch Balanced Growth Fund,Balanced Growth,432454206.96,AZN,AstraZeneca PLC,equity,Healthcare,UK,,AZN,178482,109.3,19508082.6,4.511
2026-07-31,Fenchurch Global Asset Management,FGAM-BAL,Fenchurch Balanced Growth Fund,Balanced Growth,442214842.61,AZN,AstraZeneca PLC,equity,Healthcare,UK,,AZN,176710,98.53,17411236.3,3.9373
2026-08-31,Fenchurch Global Asset Management,FGAM-BAL,Fenchurch Balanced Growth Fund,Balanced Growth,455913294.09,AZN,AstraZeneca PLC,equity,Healthcare,UK,,AZN,176472,101.36,17887201.92,3.9234
2026-09-30,Fenchurch Global Asset Management,FGAM-BAL,Fenchurch Balanced Growth Fund,Balanced Growth,461044278.6,AZN,AstraZeneca PLC,equity,Healthcare,UK,,AZN,174320,102.12,17801558.4,3.8611
2025-10-31,Fenchurch Global Asset Management,FGAM-BAL,Fenchurch Balanced Growth Fund,Balanced Growth,438901365.5,GOOGL,Alphabet Inc,equity,Technology,US,,GOOGL,150611,151.1,22757322.1,5.1851
2025-11-30,Fenchurch Global Asset Management,FGAM-BAL,Fenchurch Balanced Growth Fund,Balanced Growth,443090566.13,GOOGL,Alphabet Inc,equity,Technology,US,,GOOGL,147473,163.9,24170824.7,5.4551
2025-12-31,Fenchurch Global Asset Management,FGAM-BAL,Fenchurch Balanced Growth Fund,Balanced Growth,439688517.44,GOOGL,Alphabet Inc,equity,Technology,US,,GOOGL,148971,166.69,24831975.99,5.6476
2026-01-31,Fenchurch Global Asset Management,FGAM-BAL,Fenchurch Balanced Growth Fund,Balanced Growth,435655716.07,GOOGL,Alphabet Inc,equity,Technology,US,,GOOGL,150314,162.22,24383937.08,5.5971
2026-02-28,Fenchurch Global Asset Management,FGAM-BAL,Fenchurch Balanced Growth Fund,Balanced Growth,434788224.76,GOOGL,Alphabet Inc,equity,Technology,US,,GOOGL,149515,159.4,23832691.0,5.4814
2026-03-31,Fenchurch Global Asset Management,FGAM-BAL,Fenchurch Balanced Growth Fund,Balanced Growth,430373410.72,GOOGL,Alphabet Inc,equity,Technology,US,,GOOGL,148986,163.32,24332393.52,5.6538
2026-04-30,Fenchurch Global Asset Management,FGAM-BAL,Fenchurch Balanced Growth Fund,Balanced Growth,437861865.57,GOOGL,Alphabet Inc,equity,Technology,US,,GOOGL,149173,150.82,22498271.86,5.1382
2026-05-31,Fenchurch Global Asset Management,FGAM-BAL,Fenchurch Balanced Growth Fund,Balanced Growth,433351220.89,GOOGL,Alphabet Inc,equity,Technology,US,,GOOGL,151504,167.93,25442066.72,5.871
2026-06-30,Fenchurch Global Asset Management,FGAM-BAL,Fenchurch Balanced Growth Fund,Balanced Growth,432454206.96,GOOGL,Alphabet Inc,equity,Technology,US,,GOOGL,147260,178.03,26216697.8,6.0623
2026-07-31,Fenchurch Global Asset Management,FGAM-BAL,Fenchurch Balanced Growth Fund,Balanced Growth,442214842.61,GOOGL,Alphabet Inc,equity,Technology,US,,GOOGL,149880,190.78,28594106.4,6.4661
2026-08-31,Fenchurch Global Asset Management,FGAM-BAL,Fenchurch Balanced Growth Fund,Balanced Growth,455913294.09,GOOGL,Alphabet Inc,equity,Technology,US,,GOOGL,148818,207.67,30905034.06,6.7787
2026-09-30,Fenchurch Global Asset Management,FGAM-BAL,Fenchurch Balanced Growth Fund,Balanced Growth,461044278.6,GOOGL,Alphabet Inc,equity,Technology,US,,GOOGL,147558,205.51,30324644.58,6.5774
2025-10-31,Fenchurch Global Asset Management,FGAM-BAL,Fenchurch Balanced Growth Fund,Balanced Growth,438901365.5,ASML,ASML Holding NV,equity,Technology,Netherlands,,ASML,27805,814.72,22653289.6,5.1614
2025-11-30,Fenchurch Global Asset Management,FGAM-BAL,Fenchurch Balanced Growth Fund,Balanced Growth,443090566.13,ASML,ASML Holding NV,equity,Technology,Netherlands,,ASML,28084,910.31,25565146.04,5.7697
2025-12-31,Fenchurch Global Asset Management,FGAM-BAL,Fenchurch Balanced Growth Fund,Balanced Growth,439688517.44,ASML,ASML Holding NV,equity,Technology,Netherlands,,ASML,27526,930.13,25602758.38,5.8229
2026-01-31,Fenchurch Global Asset Management,FGAM-BAL,Fenchurch Balanced Growth Fund,Balanced Growth,435655716.07,ASML,ASML Holding NV,equity,Technology,Netherlands,,ASML,28032,1092.34,30620474.88,7.0286
2026-02-28,Fenchurch Global Asset Management,FGAM-BAL,Fenchurch Balanced Growth Fund,Balanced Growth,434788224.76,ASML,ASML Holding NV,equity,Technology,Netherlands,,ASML,28383,1076.0,30540108.0,7.0241
2026-03-31,Fenchurch Global Asset Management,FGAM-BAL,Fenchurch Balanced Growth Fund,Balanced Growth,430373410.72,ASML,ASML Holding NV,equity,Technology,Netherlands,,ASML,28621,1088.87,31164548.27,7.2413
2026-04-30,Fenchurch Global Asset Management,FGAM-BAL,Fenchurch Balanced Growth Fund,Balanced Growth,437861865.57,ASML,ASML Holding NV,equity,Technology,Netherlands,,ASML,28634,1080.37,30935314.58,7.0651
2026-05-31,Fenchurch Global Asset Management,FGAM-BAL,Fenchurch Balanced Growth Fund,Balanced Growth,433351220.89,ASML,ASML Holding NV,equity,Technology,Netherlands,,ASML,28730,982.93,28239578.9,6.5166
2026-06-30,Fenchurch Global Asset Management,FGAM-BAL,Fenchurch Balanced Growth Fund,Balanced Growth,432454206.96,ASML,ASML Holding NV,equity,Technology,Netherlands,,ASML,28874,1061.79,30658124.46,7.0893
2026-07-31,Fenchurch Global Asset Management,FGAM-BAL,Fenchurch Balanced Growth Fund,Balanced Growth,442214842.61,ASML,ASML Holding NV,equity,Technology,Netherlands,,ASML,28535,1130.14,32248544.9,7.2925
2026-08-31,Fenchurch Global Asset Management,FGAM-BAL,Fenchurch Balanced Growth Fund,Balanced Growth,455913294.09,ASML,ASML Holding NV,equity,Technology,Netherlands,,ASML,27969,1223.45,34218673.05,7.5055
2026-09-30,Fenchurch Global Asset Management,FGAM-BAL,Fenchurch Balanced Growth Fund,Balanced Growth,461044278.6,ASML,ASML Holding NV,equity,Technology,Netherlands,,ASML,28050,1192.75,33456637.5,7.2567
2025-10-31,Fenchurch Global Asset Management,FGAM-BAL,Fenchurch Balanced Growth Fund,Balanced Growth,438901365.5,ROG,Roche Holding AG,equity,Healthcare,Switzerland,,ROG,88836,255.5,22697598.0,5.1715
2025-11-30,Fenchurch Global Asset Management,FGAM-BAL,Fenchurch Balanced Growth Fund,Balanced Growth,443090566.13,ROG,Roche Holding AG,equity,Healthcare,Switzerland,,ROG,89734,243.82,21878943.88,4.9378
2025-12-31,Fenchurch Global Asset Management,FGAM-BAL,Fenchurch Balanced Growth Fund,Balanced Growth,439688517.44,ROG,Roche Holding AG,equity,Healthcare,Switzerland,,ROG,90809,241.57,21936730.13,4.9892
2026-01-31,Fenchurch Global Asset Management,FGAM-BAL,Fenchurch Balanced Growth Fund,Balanced Growth,435655716.07,ROG,Roche Holding AG,equity,Healthcare,Switzerland,,ROG,88744,218.48,19388789.12,4.4505
2026-02-28,Fenchurch Global Asset Management,FGAM-BAL,Fenchurch Balanced Growth Fund,Balanced Growth,434788224.76,ROG,Roche Holding AG,equity,Healthcare,Switzerland,,ROG,87643,225.06,19724933.58,4.5367
2026-03-31,Fenchurch Global Asset Management,FGAM-BAL,Fenchurch Balanced Growth Fund,Balanced Growth,430373410.72,ROG,Roche Holding AG,equity,Healthcare,Switzerland,,ROG,87867,228.89,20111877.63,4.6731
2026-04-30,Fenchurch Global Asset Management,FGAM-BAL,Fenchurch Balanced Growth Fund,Balanced Growth,437861865.57,ROG,Roche Holding AG,equity,Healthcare,Switzerland,,ROG,89330,238.2,21278406.0,4.8596
2026-05-31,Fenchurch Global Asset Management,FGAM-BAL,Fenchurch Balanced Growth Fund,Balanced Growth,433351220.89,ROG,Roche Holding AG,equity,Healthcare,Switzerland,,ROG,90404,222.18,20085960.72,4.635
2026-06-30,Fenchurch Global Asset Management,FGAM-BAL,Fenchurch Balanced Growth Fund,Balanced Growth,432454206.96,ROG,Roche Holding AG,equity,Healthcare,Switzerland,,ROG,89098,216.33,19274570.34,4.457
2026-07-31,Fenchurch Global Asset Management,FGAM-BAL,Fenchurch Balanced Growth Fund,Balanced Growth,442214842.61,ROG,Roche Holding AG,equity,Healthcare,Switzerland,,ROG,88266,222.94,19678022.04,4.4499
2026-08-31,Fenchurch Global Asset Management,FGAM-BAL,Fenchurch Balanced Growth Fund,Balanced Growth,455913294.09,ROG,Roche Holding AG,equity,Healthcare,Switzerland,,ROG,89601,225.2,20178145.2,4.4259
2026-09-30,Fenchurch Global Asset Management,FGAM-BAL,Fenchurch Balanced Growth Fund,Balanced Growth,461044278.6,ROG,Roche Holding AG,equity,Healthcare,Switzerland,,ROG,90136,222.98,20098525.28,4.3593
2025-10-31,Fenchurch Global Asset Management,FGAM-BAL,Fenchurch Balanced Growth Fund,Balanced Growth,438901365.5,NOVN,Novartis AG,equity,Healthcare,Switzerland,,NOVN,246624,91.69,22612954.56,5.1522
2025-11-30,Fenchurch Global Asset Management,FGAM-BAL,Fenchurch Balanced Growth Fund,Balanced Growth,443090566.13,NOVN,Novartis AG,equity,Healthcare,Switzerland,,NOVN,243750,88.25,21510937.5,4.8547
2025-12-31,Fenchurch Global Asset Management,FGAM-BAL,Fenchurch Balanced Growth Fund,Balanced Growth,439688517.44,NOVN,Novartis AG,equity,Healthcare,Switzerland,,NOVN,241709,90.02,21758644.18,4.9486
2026-01-31,Fenchurch Global Asset Management,FGAM-BAL,Fenchurch Balanced Growth Fund,Balanced Growth,435655716.07,NOVN,Novartis AG,equity,Healthcare,Switzerland,,NOVN,243004,89.72,21802318.88,5.0045
2026-02-28,Fenchurch Global Asset Management,FGAM-BAL,Fenchurch Balanced Growth Fund,Balanced Growth,434788224.76,NOVN,Novartis AG,equity,Healthcare,Switzerland,,NOVN,241396,84.84,20480036.64,4.7103
2026-03-31,Fenchurch Global Asset Management,FGAM-BAL,Fenchurch Balanced Growth Fund,Balanced Growth,430373410.72,NOVN,Novartis AG,equity,Healthcare,Switzerland,,NOVN,241546,82.77,19992762.42,4.6454
2026-04-30,Fenchurch Global Asset Management,FGAM-BAL,Fenchurch Balanced Growth Fund,Balanced Growth,437861865.57,NOVN,Novartis AG,equity,Healthcare,Switzerland,,NOVN,241068,88.02,21218805.36,4.846
2026-05-31,Fenchurch Global Asset Management,FGAM-BAL,Fenchurch Balanced Growth Fund,Balanced Growth,433351220.89,NOVN,Novartis AG,equity,Healthcare,Switzerland,,NOVN,236510,90.37,21373408.7,4.9321
2026-06-30,Fenchurch Global Asset Management,FGAM-BAL,Fenchurch Balanced Growth Fund,Balanced Growth,432454206.96,NOVN,Novartis AG,equity,Healthcare,Switzerland,,NOVN,234741,91.9,21572697.9,4.9884
2026-07-31,Fenchurch Global Asset Management,FGAM-BAL,Fenchurch Balanced Growth Fund,Balanced Growth,442214842.61,NOVN,Novartis AG,equity,Healthcare,Switzerland,,NOVN,231449,97.11,22476012.39,5.0826
2026-08-31,Fenchurch Global Asset Management,FGAM-BAL,Fenchurch Balanced Growth Fund,Balanced Growth,455913294.09,NOVN,Novartis AG,equity,Healthcare,Switzerland,,NOVN,232671,104.44,24300159.24,5.33
2026-09-30,Fenchurch Global Asset Management,FGAM-BAL,Fenchurch Balanced Growth Fund,Balanced Growth,461044278.6,NOVN,Novartis AG,equity,Healthcare,Switzerland,,NOVN,232942,107.41,25020300.22,5.4269
2025-10-31,Fenchurch Global Asset Management,FGAM-BAL,Fenchurch Balanced Growth Fund,Balanced Growth,438901365.5,MC,LVMH,equity,Consumer Discretionary,France,,MC,35460,651.17,23090488.2,5.261
2025-11-30,Fenchurch Global Asset Management,FGAM-BAL,Fenchurch Balanced Growth Fund,Balanced Growth,443090566.13,MC,LVMH,equity,Consumer Discretionary,France,,MC,35576,600.38,21359118.88,4.8205
2025-12-31,Fenchurch Global Asset Management,FGAM-BAL,Fenchurch Balanced Growth Fund,Balanced Growth,439688517.44,MC,LVMH,equity,Consumer Discretionary,France,,MC,35893,589.46,21157487.78,4.8119
2026-01-31,Fenchurch Global Asset Management,FGAM-BAL,Fenchurch Balanced Growth Fund,Balanced Growth,435655716.07,MC,LVMH,equity,Consumer Discretionary,France,,MC,35681,568.56,20286789.36,4.6566
2026-02-28,Fenchurch Global Asset Management,FGAM-BAL,Fenchurch Balanced Growth Fund,Balanced Growth,434788224.76,MC,LVMH,equity,Consumer Discretionary,France,,MC,35734,549.59,19639049.06,4.5169
2026-03-31,Fenchurch Global Asset Management,FGAM-BAL,Fenchurch Balanced Growth Fund,Balanced Growth,430373410.72,MC,LVMH,equity,Consumer Discretionary,France,,MC,34617,588.36,20367258.12,4.7325
2026-04-30,Fenchurch Global Asset Management,FGAM-BAL,Fenchurch Balanced Growth Fund,Balanced Growth,437861865.57,MC,LVMH,equity,Consumer Discretionary,France,,MC,36190,617.69,22354201.1,5.1053
2026-05-31,Fenchurch Global Asset Management,FGAM-BAL,Fenchurch Balanced Growth Fund,Balanced Growth,433351220.89,MC,LVMH,equity,Consumer Discretionary,France,,MC,37181,649.44,24146828.64,5.5721
2026-06-30,Fenchurch Global Asset Management,FGAM-BAL,Fenchurch Balanced Growth Fund,Balanced Growth,432454206.96,MC,LVMH,equity,Consumer Discretionary,France,,MC,37298,651.67,24305987.66,5.6205
2026-07-31,Fenchurch Global Asset Management,FGAM-BAL,Fenchurch Balanced Growth Fund,Balanced Growth,442214842.61,MC,LVMH,equity,Consumer Discretionary,France,,MC,37337,675.55,25223010.35,5.7038
2026-08-31,Fenchurch Global Asset Management,FGAM-BAL,Fenchurch Balanced Growth Fund,Balanced Growth,455913294.09,MC,LVMH,equity,Consumer Discretionary,France,,MC,37483,638.47,23931771.01,5.2492
2026-09-30,Fenchurch Global Asset Management,FGAM-BAL,Fenchurch Balanced Growth Fund,Balanced Growth,461044278.6,MC,LVMH,equity,Consumer Discretionary,France,,MC,36772,691.66,25433721.52,5.5165
2025-10-31,Fenchurch Global Asset Management,FGAM-BAL,Fenchurch Balanced Growth Fund,Balanced Growth,438901365.5,HSBC-BOND-2,HSBC UK Bank PLC 5.0% 2028,bond,Financials,UK,HSBC_UK_BANK,HSBC_HOLDINGS,219505,101.59,22299512.95,5.0808
2025-11-30,Fenchurch Global Asset Management,FGAM-BAL,Fenchurch Balanced Growth Fund,Balanced Growth,443090566.13,HSBC-BOND-2,HSBC UK Bank PLC 5.0% 2028,bond,Financials,UK,HSBC_UK_BANK,HSBC_HOLDINGS,224173,100.99,22639231.27,5.1094
2025-12-31,Fenchurch Global Asset Management,FGAM-BAL,Fenchurch Balanced Growth Fund,Balanced Growth,439688517.44,HSBC-BOND-2,HSBC UK Bank PLC 5.0% 2028,bond,Financials,UK,HSBC_UK_BANK,HSBC_HOLDINGS,222685,101.48,22598073.8,5.1396
2026-01-31,Fenchurch Global Asset Management,FGAM-BAL,Fenchurch Balanced Growth Fund,Balanced Growth,435655716.07,HSBC-BOND-2,HSBC UK Bank PLC 5.0% 2028,bond,Financials,UK,HSBC_UK_BANK,HSBC_HOLDINGS,221135,101.07,22350114.45,5.1302
2026-02-28,Fenchurch Global Asset Management,FGAM-BAL,Fenchurch Balanced Growth Fund,Balanced Growth,434788224.76,HSBC-BOND-2,HSBC UK Bank PLC 5.0% 2028,bond,Financials,UK,HSBC_UK_BANK,HSBC_HOLDINGS,225783,101.08,22822145.64,5.249
2026-03-31,Fenchurch Global Asset Management,FGAM-BAL,Fenchurch Balanced Growth Fund,Balanced Growth,430373410.72,HSBC-BOND-2,HSBC UK Bank PLC 5.0% 2028,bond,Financials,UK,HSBC_UK_BANK,HSBC_HOLDINGS,223078,101.6,22664724.8,5.2663
2026-04-30,Fenchurch Global Asset Management,FGAM-BAL,Fenchurch Balanced Growth Fund,Balanced Growth,437861865.57,HSBC-BOND-2,HSBC UK Bank PLC 5.0% 2028,bond,Financials,UK,HSBC_UK_BANK,HSBC_HOLDINGS,224054,102.57,22981218.78,5.2485
2026-05-31,Fenchurch Global Asset Management,FGAM-BAL,Fenchurch Balanced Growth Fund,Balanced Growth,433351220.89,HSBC-BOND-2,HSBC UK Bank PLC 5.0% 2028,bond,Financials,UK,HSBC_UK_BANK,HSBC_HOLDINGS,221520,102.42,22688078.4,5.2355
2026-06-30,Fenchurch Global Asset Management,FGAM-BAL,Fenchurch Balanced Growth Fund,Balanced Growth,432454206.96,HSBC-BOND-2,HSBC UK Bank PLC 5.0% 2028,bond,Financials,UK,HSBC_UK_BANK,HSBC_HOLDINGS,221520,102.15,22628268.0,5.2325
2026-07-31,Fenchurch Global Asset Management,FGAM-BAL,Fenchurch Balanced Growth Fund,Balanced Growth,442214842.61,HSBC-BOND-2,HSBC UK Bank PLC 5.0% 2028,bond,Financials,UK,HSBC_UK_BANK,HSBC_HOLDINGS,220974,102.06,22552606.44,5.0999
2026-08-31,Fenchurch Global Asset Management,FGAM-BAL,Fenchurch Balanced Growth Fund,Balanced Growth,455913294.09,HSBC-BOND-2,HSBC UK Bank PLC 5.0% 2028,bond,Financials,UK,HSBC_UK_BANK,HSBC_HOLDINGS,221983,102.28,22704421.24,4.98
2026-09-30,Fenchurch Global Asset Management,FGAM-BAL,Fenchurch Balanced Growth Fund,Balanced Growth,461044278.6,HSBC-BOND-2,HSBC UK Bank PLC 5.0% 2028,bond,Financials,UK,HSBC_UK_BANK,HSBC_HOLDINGS,225703,103.3,23315119.9,5.057
2025-10-31,Fenchurch Global Asset Management,FGAM-BAL,Fenchurch Balanced Growth Fund,Balanced Growth,438901365.5,GEQ.L,Global Equity Index Fund,etf,Diversified,Global,,GEQ.L,40671,556.85,22647646.35,5.1601
2025-11-30,Fenchurch Global Asset Management,FGAM-BAL,Fenchurch Balanced Growth Fund,Balanced Growth,443090566.13,GEQ.L,Global Equity Index Fund,etf,Diversified,Global,,GEQ.L,40865,532.94,21778593.1,4.9152
2025-12-31,Fenchurch Global Asset Management,FGAM-BAL,Fenchurch Balanced Growth Fund,Balanced Growth,439688517.44,GEQ.L,Global Equity Index Fund,etf,Diversified,Global,,GEQ.L,41093,563.68,23163302.24,5.2681
2026-01-31,Fenchurch Global Asset Management,FGAM-BAL,Fenchurch Balanced Growth Fund,Balanced Growth,435655716.07,GEQ.L,Global Equity Index Fund,etf,Diversified,Global,,GEQ.L,40791,539.4,22002665.4,5.0505
2026-02-28,Fenchurch Global Asset Management,FGAM-BAL,Fenchurch Balanced Growth Fund,Balanced Growth,434788224.76,GEQ.L,Global Equity Index Fund,etf,Diversified,Global,,GEQ.L,40268,537.15,21629956.2,4.9748
2026-03-31,Fenchurch Global Asset Management,FGAM-BAL,Fenchurch Balanced Growth Fund,Balanced Growth,430373410.72,GEQ.L,Global Equity Index Fund,etf,Diversified,Global,,GEQ.L,39336,541.68,21307524.48,4.9509
2026-04-30,Fenchurch Global Asset Management,FGAM-BAL,Fenchurch Balanced Growth Fund,Balanced Growth,437861865.57,GEQ.L,Global Equity Index Fund,etf,Diversified,Global,,GEQ.L,39641,512.42,20312841.22,4.6391
2026-05-31,Fenchurch Global Asset Management,FGAM-BAL,Fenchurch Balanced Growth Fund,Balanced Growth,433351220.89,GEQ.L,Global Equity Index Fund,etf,Diversified,Global,,GEQ.L,38934,525.87,20474222.58,4.7246
2026-06-30,Fenchurch Global Asset Management,FGAM-BAL,Fenchurch Balanced Growth Fund,Balanced Growth,432454206.96,GEQ.L,Global Equity Index Fund,etf,Diversified,Global,,GEQ.L,38819,518.68,20134638.92,4.6559
2026-07-31,Fenchurch Global Asset Management,FGAM-BAL,Fenchurch Balanced Growth Fund,Balanced Growth,442214842.61,GEQ.L,Global Equity Index Fund,etf,Diversified,Global,,GEQ.L,37715,534.47,20157536.05,4.5583
2026-08-31,Fenchurch Global Asset Management,FGAM-BAL,Fenchurch Balanced Growth Fund,Balanced Growth,455913294.09,GEQ.L,Global Equity Index Fund,etf,Diversified,Global,,GEQ.L,37708,580.87,21903445.96,4.8043
2026-09-30,Fenchurch Global Asset Management,FGAM-BAL,Fenchurch Balanced Growth Fund,Balanced Growth,461044278.6,GEQ.L,Global Equity Index Fund,etf,Diversified,Global,,GEQ.L,37649,625.98,23567521.02,5.1118
2025-10-31,Fenchurch Global Asset Management,FGAM-BAL,Fenchurch Balanced Growth Fund,Balanced Growth,438901365.5,JPM,JPMorgan Chase & Co,equity,Financials,US,,JPM,31018,211.65,6564959.7,1.4958
2025-11-30,Fenchurch Global Asset Management,FGAM-BAL,Fenchurch Balanced Growth Fund,Balanced Growth,443090566.13,JPM,JPMorgan Chase & Co,equity,Financials,US,,JPM,30520,210.08,6411641.6,1.447
2025-12-31,Fenchurch Global Asset Management,FGAM-BAL,Fenchurch Balanced Growth Fund,Balanced Growth,439688517.44,JPM,JPMorgan Chase & Co,equity,Financials,US,,JPM,30296,192.72,5838645.12,1.3279
2026-01-31,Fenchurch Global Asset Management,FGAM-BAL,Fenchurch Balanced Growth Fund,Balanced Growth,435655716.07,JPM,JPMorgan Chase & Co,equity,Financials,US,,JPM,30114,181.44,5463884.16,1.2542
2026-02-28,Fenchurch Global Asset Management,FGAM-BAL,Fenchurch Balanced Growth Fund,Balanced Growth,434788224.76,JPM,JPMorgan Chase & Co,equity,Financials,US,,JPM,29452,162.37,4782121.24,1.0999
2026-03-31,Fenchurch Global Asset Management,FGAM-BAL,Fenchurch Balanced Growth Fund,Balanced Growth,430373410.72,JPM,JPMorgan Chase & Co,equity,Financials,US,,JPM,28982,160.02,4637699.64,1.0776
2026-04-30,Fenchurch Global Asset Management,FGAM-BAL,Fenchurch Balanced Growth Fund,Balanced Growth,437861865.57,JPM,JPMorgan Chase & Co,equity,Financials,US,,JPM,29036,174.52,5067362.72,1.1573
2026-05-31,Fenchurch Global Asset Management,FGAM-BAL,Fenchurch Balanced Growth Fund,Balanced Growth,433351220.89,JPM,JPMorgan Chase & Co,equity,Financials,US,,JPM,29411,187.83,5524268.13,1.2748
2026-06-30,Fenchurch Global Asset Management,FGAM-BAL,Fenchurch Balanced Growth Fund,Balanced Growth,432454206.96,JPM,JPMorgan Chase & Co,equity,Financials,US,,JPM,29702,185.65,5514176.3,1.2751
2026-07-31,Fenchurch Global Asset Management,FGAM-BAL,Fenchurch Balanced Growth Fund,Balanced Growth,442214842.61,JPM,JPMorgan Chase & Co,equity,Financials,US,,JPM,28907,184.45,5331896.15,1.2057
2026-08-31,Fenchurch Global Asset Management,FGAM-BAL,Fenchurch Balanced Growth Fund,Balanced Growth,455913294.09,JPM,JPMorgan Chase & Co,equity,Financials,US,,JPM,28989,175.52,5088149.28,1.116
2026-09-30,Fenchurch Global Asset Management,FGAM-BAL,Fenchurch Balanced Growth Fund,Balanced Growth,461044278.6,JPM,JPMorgan Chase & Co,equity,Financials,US,,JPM,28906,168.69,4876153.14,1.0576
2025-10-31,Fenchurch Global Asset Management,FGAM-BAL,Fenchurch Balanced Growth Fund,Balanced Growth,438901365.5,GS,Goldman Sachs Group Inc,equity,Financials,US,,GS,13725,462.01,6341087.25,1.4448
2025-11-30,Fenchurch Global Asset Management,FGAM-BAL,Fenchurch Balanced Growth Fund,Balanced Growth,443090566.13,GS,Goldman Sachs Group Inc,equity,Financials,US,,GS,13626,526.91,7179675.66,1.6204
2025-12-31,Fenchurch Global Asset Management,FGAM-BAL,Fenchurch Balanced Growth Fund,Balanced Growth,439688517.44,GS,Goldman Sachs Group Inc,equity,Financials,US,,GS,13816,466.07,6439223.12,1.4645
2026-01-31,Fenchurch Global Asset Management,FGAM-BAL,Fenchurch Balanced Growth Fund,Balanced Growth,435655716.07,GS,Goldman Sachs Group Inc,equity,Financials,US,,GS,13882,451.9,6273275.8,1.44
2026-02-28,Fenchurch Global Asset Management,FGAM-BAL,Fenchurch Balanced Growth Fund,Balanced Growth,434788224.76,GS,Goldman Sachs Group Inc,equity,Financials,US,,GS,14150,534.69,7565863.5,1.7401
2026-03-31,Fenchurch Global Asset Management,FGAM-BAL,Fenchurch Balanced Growth Fund,Balanced Growth,430373410.72,GS,Goldman Sachs Group Inc,equity,Financials,US,,GS,14233,542.9,7727095.7,1.7954
2026-04-30,Fenchurch Global Asset Management,FGAM-BAL,Fenchurch Balanced Growth Fund,Balanced Growth,437861865.57,GS,Goldman Sachs Group Inc,equity,Financials,US,,GS,13870,555.67,7707142.9,1.7602
2026-05-31,Fenchurch Global Asset Management,FGAM-BAL,Fenchurch Balanced Growth Fund,Balanced Growth,433351220.89,GS,Goldman Sachs Group Inc,equity,Financials,US,,GS,13840,498.31,6896610.4,1.5915
2026-06-30,Fenchurch Global Asset Management,FGAM-BAL,Fenchurch Balanced Growth Fund,Balanced Growth,432454206.96,GS,Goldman Sachs Group Inc,equity,Financials,US,,GS,13698,506.19,6933790.62,1.6034
2026-07-31,Fenchurch Global Asset Management,FGAM-BAL,Fenchurch Balanced Growth Fund,Balanced Growth,442214842.61,GS,Goldman Sachs Group Inc,equity,Financials,US,,GS,13716,484.08,6639641.28,1.5015
2026-08-31,Fenchurch Global Asset Management,FGAM-BAL,Fenchurch Balanced Growth Fund,Balanced Growth,455913294.09,GS,Goldman Sachs Group Inc,equity,Financials,US,,GS,13582,449.45,6104429.9,1.3389
2026-09-30,Fenchurch Global Asset Management,FGAM-BAL,Fenchurch Balanced Growth Fund,Balanced Growth,461044278.6,GS,Goldman Sachs Group Inc,equity,Financials,US,,GS,13364,398.31,5323014.84,1.1546
2025-10-31,Fenchurch Global Asset Management,FGAM-BAL,Fenchurch Balanced Growth Fund,Balanced Growth,438901365.5,SHEL,Shell PLC,equity,Energy,UK,,SHEL,245217,26.27,6441850.59,1.4677
2025-11-30,Fenchurch Global Asset Management,FGAM-BAL,Fenchurch Balanced Growth Fund,Balanced Growth,443090566.13,SHEL,Shell PLC,equity,Energy,UK,,SHEL,243049,27.42,6664403.58,1.5041
2025-12-31,Fenchurch Global Asset Management,FGAM-BAL,Fenchurch Balanced Growth Fund,Balanced Growth,439688517.44,SHEL,Shell PLC,equity,Energy,UK,,SHEL,240661,30.31,7294434.91,1.659
2026-01-31,Fenchurch Global Asset Management,FGAM-BAL,Fenchurch Balanced Growth Fund,Balanced Growth,435655716.07,SHEL,Shell PLC,equity,Energy,UK,,SHEL,236140,26.79,6326190.6,1.4521
2026-02-28,Fenchurch Global Asset Management,FGAM-BAL,Fenchurch Balanced Growth Fund,Balanced Growth,434788224.76,SHEL,Shell PLC,equity,Energy,UK,,SHEL,237124,26.92,6383378.08,1.4682
2026-03-31,Fenchurch Global Asset Management,FGAM-BAL,Fenchurch Balanced Growth Fund,Balanced Growth,430373410.72,SHEL,Shell PLC,equity,Energy,UK,,SHEL,242017,23.12,5595433.04,1.3001
2026-04-30,Fenchurch Global Asset Management,FGAM-BAL,Fenchurch Balanced Growth Fund,Balanced Growth,437861865.57,SHEL,Shell PLC,equity,Energy,UK,,SHEL,239167,25.67,6139416.89,1.4021
2026-05-31,Fenchurch Global Asset Management,FGAM-BAL,Fenchurch Balanced Growth Fund,Balanced Growth,433351220.89,SHEL,Shell PLC,equity,Energy,UK,,SHEL,240190,25.66,6163275.4,1.4222
2026-06-30,Fenchurch Global Asset Management,FGAM-BAL,Fenchurch Balanced Growth Fund,Balanced Growth,432454206.96,SHEL,Shell PLC,equity,Energy,UK,,SHEL,240523,21.85,5255427.55,1.2153
2026-07-31,Fenchurch Global Asset Management,FGAM-BAL,Fenchurch Balanced Growth Fund,Balanced Growth,442214842.61,SHEL,Shell PLC,equity,Energy,UK,,SHEL,245232,20.55,5039517.6,1.1396
2026-08-31,Fenchurch Global Asset Management,FGAM-BAL,Fenchurch Balanced Growth Fund,Balanced Growth,455913294.09,SHEL,Shell PLC,equity,Energy,UK,,SHEL,245565,23.03,5655361.95,1.2404
2026-09-30,Fenchurch Global Asset Management,FGAM-BAL,Fenchurch Balanced Growth Fund,Balanced Growth,461044278.6,SHEL,Shell PLC,equity,Energy,UK,,SHEL,244432,19.7,4815310.4,1.0444
2025-10-31,Fenchurch Global Asset Management,FGAM-BAL,Fenchurch Balanced Growth Fund,Balanced Growth,438901365.5,VOD.L,Vodafone Group PLC,equity,Telecommunications,UK,,VOD.L,8927895,0.72,6428084.4,1.4646
2025-11-30,Fenchurch Global Asset Management,FGAM-BAL,Fenchurch Balanced Growth Fund,Balanced Growth,443090566.13,VOD.L,Vodafone Group PLC,equity,Telecommunications,UK,,VOD.L,8956264,0.72,6448510.08,1.4553
2025-12-31,Fenchurch Global Asset Management,FGAM-BAL,Fenchurch Balanced Growth Fund,Balanced Growth,439688517.44,VOD.L,Vodafone Group PLC,equity,Telecommunications,UK,,VOD.L,9018064,0.68,6132283.52,1.3947
2026-01-31,Fenchurch Global Asset Management,FGAM-BAL,Fenchurch Balanced Growth Fund,Balanced Growth,435655716.07,VOD.L,Vodafone Group PLC,equity,Telecommunications,UK,,VOD.L,9252850,0.69,6384466.5,1.4655
2026-02-28,Fenchurch Global Asset Management,FGAM-BAL,Fenchurch Balanced Growth Fund,Balanced Growth,434788224.76,VOD.L,Vodafone Group PLC,equity,Telecommunications,UK,,VOD.L,9320777,0.66,6151712.82,1.4149
2026-03-31,Fenchurch Global Asset Management,FGAM-BAL,Fenchurch Balanced Growth Fund,Balanced Growth,430373410.72,VOD.L,Vodafone Group PLC,equity,Telecommunications,UK,,VOD.L,9420875,0.65,6123568.75,1.4229
2026-04-30,Fenchurch Global Asset Management,FGAM-BAL,Fenchurch Balanced Growth Fund,Balanced Growth,437861865.57,VOD.L,Vodafone Group PLC,equity,Telecommunications,UK,,VOD.L,9278292,0.66,6123672.72,1.3985
2026-05-31,Fenchurch Global Asset Management,FGAM-BAL,Fenchurch Balanced Growth Fund,Balanced Growth,433351220.89,VOD.L,Vodafone Group PLC,equity,Telecommunications,UK,,VOD.L,9461872,0.69,6528691.68,1.5066
2026-06-30,Fenchurch Global Asset Management,FGAM-BAL,Fenchurch Balanced Growth Fund,Balanced Growth,432454206.96,VOD.L,Vodafone Group PLC,equity,Telecommunications,UK,,VOD.L,9537278,0.64,6103857.92,1.4114
2026-07-31,Fenchurch Global Asset Management,FGAM-BAL,Fenchurch Balanced Growth Fund,Balanced Growth,442214842.61,VOD.L,Vodafone Group PLC,equity,Telecommunications,UK,,VOD.L,9400272,0.7,6580190.4,1.488
2026-08-31,Fenchurch Global Asset Management,FGAM-BAL,Fenchurch Balanced Growth Fund,Balanced Growth,455913294.09,VOD.L,Vodafone Group PLC,equity,Telecommunications,UK,,VOD.L,9727451,0.69,6711941.19,1.4722
2026-09-30,Fenchurch Global Asset Management,FGAM-BAL,Fenchurch Balanced Growth Fund,Balanced Growth,461044278.6,VOD.L,Vodafone Group PLC,equity,Telecommunications,UK,,VOD.L,9526689,0.67,6382881.63,1.3844
2025-10-31,Fenchurch Global Asset Management,FGAM-BAL,Fenchurch Balanced Growth Fund,Balanced Growth,438901365.5,GSK,GSK PLC,equity,Healthcare,UK,,GSK,435467,14.71,6405719.57,1.4595
2025-11-30,Fenchurch Global Asset Management,FGAM-BAL,Fenchurch Balanced Growth Fund,Balanced Growth,443090566.13,GSK,GSK PLC,equity,Healthcare,UK,,GSK,440460,16.09,7087001.4,1.5994
2025-12-31,Fenchurch Global Asset Management,FGAM-BAL,Fenchurch Balanced Growth Fund,Balanced Growth,439688517.44,GSK,GSK PLC,equity,Healthcare,UK,,GSK,431029,17.29,7452491.41,1.6949
2026-01-31,Fenchurch Global Asset Management,FGAM-BAL,Fenchurch Balanced Growth Fund,Balanced Growth,435655716.07,GSK,GSK PLC,equity,Healthcare,UK,,GSK,433206,18.62,8066295.72,1.8515
2026-02-28,Fenchurch Global Asset Management,FGAM-BAL,Fenchurch Balanced Growth Fund,Balanced Growth,434788224.76,GSK,GSK PLC,equity,Healthcare,UK,,GSK,435906,17.98,7837589.88,1.8026
2026-03-31,Fenchurch Global Asset Management,FGAM-BAL,Fenchurch Balanced Growth Fund,Balanced Growth,430373410.72,GSK,GSK PLC,equity,Healthcare,UK,,GSK,440738,17.6,7756988.8,1.8024
2026-04-30,Fenchurch Global Asset Management,FGAM-BAL,Fenchurch Balanced Growth Fund,Balanced Growth,437861865.57,GSK,GSK PLC,equity,Healthcare,UK,,GSK,442686,17.66,7817834.76,1.7855
2026-05-31,Fenchurch Global Asset Management,FGAM-BAL,Fenchurch Balanced Growth Fund,Balanced Growth,433351220.89,GSK,GSK PLC,equity,Healthcare,UK,,GSK,444051,18.75,8325956.25,1.9213
2026-06-30,Fenchurch Global Asset Management,FGAM-BAL,Fenchurch Balanced Growth Fund,Balanced Growth,432454206.96,GSK,GSK PLC,equity,Healthcare,UK,,GSK,440357,18.3,8058533.1,1.8634
2026-07-31,Fenchurch Global Asset Management,FGAM-BAL,Fenchurch Balanced Growth Fund,Balanced Growth,442214842.61,GSK,GSK PLC,equity,Healthcare,UK,,GSK,442155,19.88,8790041.4,1.9877
2026-08-31,Fenchurch Global Asset Management,FGAM-BAL,Fenchurch Balanced Growth Fund,Balanced Growth,455913294.09,GSK,GSK PLC,equity,Healthcare,UK,,GSK,452049,20.71,9361934.79,2.0534
2026-09-30,Fenchurch Global Asset Management,FGAM-BAL,Fenchurch Balanced Growth Fund,Balanced Growth,461044278.6,GSK,GSK PLC,equity,Healthcare,UK,,GSK,461850,22.0,10160700.0,2.2038
2025-10-31,Fenchurch Global Asset Management,FGAM-BAL,Fenchurch Balanced Growth Fund,Balanced Growth,438901365.5,HSBA.L,HSBC Holdings PLC,equity,Financials,UK,HSBC_HOLDINGS,HSBC_HOLDINGS,9407,685.44,6447934.08,1.4691
2025-11-30,Fenchurch Global Asset Management,FGAM-BAL,Fenchurch Balanced Growth Fund,Balanced Growth,443090566.13,HSBA.L,HSBC Holdings PLC,equity,Financials,UK,HSBC_HOLDINGS,HSBC_HOLDINGS,9484,727.93,6903688.12,1.5581
2025-12-31,Fenchurch Global Asset Management,FGAM-BAL,Fenchurch Balanced Growth Fund,Balanced Growth,439688517.44,HSBA.L,HSBC Holdings PLC,equity,Financials,UK,HSBC_HOLDINGS,HSBC_HOLDINGS,9573,712.8,6823634.4,1.5519
2026-01-31,Fenchurch Global Asset Management,FGAM-BAL,Fenchurch Balanced Growth Fund,Balanced Growth,435655716.07,HSBA.L,HSBC Holdings PLC,equity,Financials,UK,HSBC_HOLDINGS,HSBC_HOLDINGS,9722,728.3,7080532.6,1.6253
2026-02-28,Fenchurch Global Asset Management,FGAM-BAL,Fenchurch Balanced Growth Fund,Balanced Growth,434788224.76,HSBA.L,HSBC Holdings PLC,equity,Financials,UK,HSBC_HOLDINGS,HSBC_HOLDINGS,9695,679.91,6591727.45,1.5161
2026-03-31,Fenchurch Global Asset Management,FGAM-BAL,Fenchurch Balanced Growth Fund,Balanced Growth,430373410.72,HSBA.L,HSBC Holdings PLC,equity,Financials,UK,HSBC_HOLDINGS,HSBC_HOLDINGS,9578,698.3,6688317.4,1.5541
2026-04-30,Fenchurch Global Asset Management,FGAM-BAL,Fenchurch Balanced Growth Fund,Balanced Growth,437861865.57,HSBA.L,HSBC Holdings PLC,equity,Financials,UK,HSBC_HOLDINGS,HSBC_HOLDINGS,9537,717.84,6846040.08,1.5635
2026-05-31,Fenchurch Global Asset Management,FGAM-BAL,Fenchurch Balanced Growth Fund,Balanced Growth,433351220.89,HSBA.L,HSBC Holdings PLC,equity,Financials,UK,HSBC_HOLDINGS,HSBC_HOLDINGS,9687,774.17,7499384.79,1.7306
2026-06-30,Fenchurch Global Asset Management,FGAM-BAL,Fenchurch Balanced Growth Fund,Balanced Growth,432454206.96,HSBA.L,HSBC Holdings PLC,equity,Financials,UK,HSBC_HOLDINGS,HSBC_HOLDINGS,9681,772.22,7475861.82,1.7287
2026-07-31,Fenchurch Global Asset Management,FGAM-BAL,Fenchurch Balanced Growth Fund,Balanced Growth,442214842.61,HSBA.L,HSBC Holdings PLC,equity,Financials,UK,HSBC_HOLDINGS,HSBC_HOLDINGS,9700,853.69,8280793.0,1.8726
2026-08-31,Fenchurch Global Asset Management,FGAM-BAL,Fenchurch Balanced Growth Fund,Balanced Growth,455913294.09,HSBA.L,HSBC Holdings PLC,equity,Financials,UK,HSBC_HOLDINGS,HSBC_HOLDINGS,9568,864.71,8273545.28,1.8147
2026-09-30,Fenchurch Global Asset Management,FGAM-BAL,Fenchurch Balanced Growth Fund,Balanced Growth,461044278.6,HSBA.L,HSBC Holdings PLC,equity,Financials,UK,HSBC_HOLDINGS,HSBC_HOLDINGS,9646,831.78,8023349.88,1.7403
2025-10-31,Fenchurch Global Asset Management,FGAM-BAL,Fenchurch Balanced Growth Fund,Balanced Growth,438901365.5,SONY,Sony Group Corp,equity,Technology,Japan,,SONY,85545,76.76,6566434.2,1.4961
2025-11-30,Fenchurch Global Asset Management,FGAM-BAL,Fenchurch Balanced Growth Fund,Balanced Growth,443090566.13,SONY,Sony Group Corp,equity,Technology,Japan,,SONY,86753,79.2,6870837.6,1.5507
2025-12-31,Fenchurch Global Asset Management,FGAM-BAL,Fenchurch Balanced Growth Fund,Balanced Growth,439688517.44,SONY,Sony Group Corp,equity,Technology,Japan,,SONY,88783,71.28,6328452.24,1.4393
2026-01-31,Fenchurch Global Asset Management,FGAM-BAL,Fenchurch Balanced Growth Fund,Balanced Growth,435655716.07,SONY,Sony Group Corp,equity,Technology,Japan,,SONY,90158,66.84,6026160.72,1.3832
2026-02-28,Fenchurch Global Asset Management,FGAM-BAL,Fenchurch Balanced Growth Fund,Balanced Growth,434788224.76,SONY,Sony Group Corp,equity,Technology,Japan,,SONY,89451,58.48,5231094.48,1.2031
2026-03-31,Fenchurch Global Asset Management,FGAM-BAL,Fenchurch Balanced Growth Fund,Balanced Growth,430373410.72,SONY,Sony Group Corp,equity,Technology,Japan,,SONY,88192,57.12,5037527.04,1.1705
2026-04-30,Fenchurch Global Asset Management,FGAM-BAL,Fenchurch Balanced Growth Fund,Balanced Growth,437861865.57,SONY,Sony Group Corp,equity,Technology,Japan,,SONY,85889,60.13,5164505.57,1.1795
2026-05-31,Fenchurch Global Asset Management,FGAM-BAL,Fenchurch Balanced Growth Fund,Balanced Growth,433351220.89,SONY,Sony Group Corp,equity,Technology,Japan,,SONY,86471,67.97,5877433.87,1.3563
2026-06-30,Fenchurch Global Asset Management,FGAM-BAL,Fenchurch Balanced Growth Fund,Balanced Growth,432454206.96,SONY,Sony Group Corp,equity,Technology,Japan,,SONY,87391,68.47,5983661.77,1.3837
2026-07-31,Fenchurch Global Asset Management,FGAM-BAL,Fenchurch Balanced Growth Fund,Balanced Growth,442214842.61,SONY,Sony Group Corp,equity,Technology,Japan,,SONY,89284,70.74,6315950.16,1.4283
2026-08-31,Fenchurch Global Asset Management,FGAM-BAL,Fenchurch Balanced Growth Fund,Balanced Growth,455913294.09,SONY,Sony Group Corp,equity,Technology,Japan,,SONY,86826,65.52,5688839.52,1.2478
2026-09-30,Fenchurch Global Asset Management,FGAM-BAL,Fenchurch Balanced Growth Fund,Balanced Growth,461044278.6,SONY,Sony Group Corp,equity,Technology,Japan,,SONY,85660,77.31,6622374.6,1.4364
2025-10-31,Fenchurch Global Asset Management,FGAM-BAL,Fenchurch Balanced Growth Fund,Balanced Growth,438901365.5,XOM,ExxonMobil Corp,equity,Energy,US,,XOM,56508,114.37,6462819.96,1.4725
2025-11-30,Fenchurch Global Asset Management,FGAM-BAL,Fenchurch Balanced Growth Fund,Balanced Growth,443090566.13,XOM,ExxonMobil Corp,equity,Energy,US,,XOM,56373,112.48,6340835.04,1.431
2025-12-31,Fenchurch Global Asset Management,FGAM-BAL,Fenchurch Balanced Growth Fund,Balanced Growth,439688517.44,XOM,ExxonMobil Corp,equity,Energy,US,,XOM,57523,98.07,5641280.61,1.283
2026-01-31,Fenchurch Global Asset Management,FGAM-BAL,Fenchurch Balanced Growth Fund,Balanced Growth,435655716.07,XOM,ExxonMobil Corp,equity,Energy,US,,XOM,58325,92.39,5388646.75,1.2369
2026-02-28,Fenchurch Global Asset Management,FGAM-BAL,Fenchurch Balanced Growth Fund,Balanced Growth,434788224.76,XOM,ExxonMobil Corp,equity,Energy,US,,XOM,58154,98.2,5710722.8,1.3134
2026-03-31,Fenchurch Global Asset Management,FGAM-BAL,Fenchurch Balanced Growth Fund,Balanced Growth,430373410.72,XOM,ExxonMobil Corp,equity,Energy,US,,XOM,57137,107.05,6116515.85,1.4212
2026-04-30,Fenchurch Global Asset Management,FGAM-BAL,Fenchurch Balanced Growth Fund,Balanced Growth,437861865.57,XOM,ExxonMobil Corp,equity,Energy,US,,XOM,55925,98.1,5486242.5,1.253
2026-05-31,Fenchurch Global Asset Management,FGAM-BAL,Fenchurch Balanced Growth Fund,Balanced Growth,433351220.89,XOM,ExxonMobil Corp,equity,Energy,US,,XOM,55101,97.9,5394387.9,1.2448
2026-06-30,Fenchurch Global Asset Management,FGAM-BAL,Fenchurch Balanced Growth Fund,Balanced Growth,432454206.96,XOM,ExxonMobil Corp,equity,Energy,US,,XOM,55359,129.68,7178955.12,1.66
2026-07-31,Fenchurch Global Asset Management,FGAM-BAL,Fenchurch Balanced Growth Fund,Balanced Growth,442214842.61,XOM,ExxonMobil Corp,equity,Energy,US,,XOM,56722,145.03,8226391.66,1.8603
2026-08-31,Fenchurch Global Asset Management,FGAM-BAL,Fenchurch Balanced Growth Fund,Balanced Growth,455913294.09,XOM,ExxonMobil Corp,equity,Energy,US,,XOM,59317,144.65,8580204.05,1.882
2026-09-30,Fenchurch Global Asset Management,FGAM-BAL,Fenchurch Balanced Growth Fund,Balanced Growth,461044278.6,XOM,ExxonMobil Corp,equity,Energy,US,,XOM,61001,142.24,8676782.24,1.882
